solid surf_signal_001
  facet normal 0.10929 -0.81721 -0.56589
    outer loop
      vertex -11.22715 -1.01651 0.00000
      vertex -10.03329 -0.85685 0.00000
      vertex -9.77029 -1.45715 0.91771
    endloop
  endfacet
  facet normal 0.12189 -0.80532 -0.58018
    outer loop
      vertex -11.22715 -1.01651 0.00000
      vertex -9.77029 -1.45715 0.91771
      vertex -11.07861 -1.67478 0.94492
    endloop
  endfacet
  facet normal 0.02062 -0.24519 -0.96926
    outer loop
      vertex -11.07861 -1.67478 0.94492
      vertex -9.77029 -1.45715 0.91771
      vertex -9.13536 -2.90643 1.29783
    endloop
  endfacet
  facet normal 0.02894 -0.23288 -0.97208
    outer loop
      vertex -11.07861 -1.67478 0.94492
      vertex -9.13536 -2.90643 1.29783
      vertex -10.72000 -3.26400 1.33632
    endloop
  endfacet
  facet normal -0.07385 0.22262 -0.97210
    outer loop
      vertex -10.72000 -3.26400 1.33632
      vertex -9.13536 -2.90643 1.29783
      vertex -8.50044 -4.35570 0.91771
    endloop
  endfacet
  facet normal -0.07377 0.22276 -0.97208
    outer loop
      vertex -10.72000 -3.26400 1.33632
      vertex -8.50044 -4.35570 0.91771
      vertex -10.36139 -4.85322 0.94492
    endloop
  endfacet
  facet normal -0.21876 0.78669 -0.57729
    outer loop
      vertex -10.36139 -4.85322 0.94492
      vertex -8.50044 -4.35570 0.91771
      vertex -8.23744 -4.95600 0.00000
    endloop
  endfacet
  facet normal -0.22039 0.78376 -0.58065
    outer loop
      vertex -10.36139 -4.85322 0.94492
      vertex -8.23744 -4.95600 0.00000
      vertex -10.21285 -5.51149 0.00000
    endloop
  endfacet
  facet normal -0.22101 0.78594 0.57745
    outer loop
      vertex -10.21285 -5.51149 0.00000
      vertex -8.23744 -4.95600 0.00000
      vertex -8.50044 -4.35570 -0.91771
    endloop
  endfacet
  facet normal -0.21818 0.78434 0.58070
    outer loop
      vertex -10.21285 -5.51149 0.00000
      vertex -8.50044 -4.35570 -0.91771
      vertex -10.36139 -4.85322 -0.94492
    endloop
  endfacet
  facet normal -0.07374 0.22266 0.97210
    outer loop
      vertex -10.36139 -4.85322 -0.94492
      vertex -8.50044 -4.35570 -0.91771
      vertex -9.13536 -2.90643 -1.29783
    endloop
  endfacet
  facet normal -0.07387 0.22274 0.97208
    outer loop
      vertex -10.36139 -4.85322 -0.94492
      vertex -9.13536 -2.90643 -1.29783
      vertex -10.72000 -3.26400 -1.33632
    endloop
  endfacet
  facet normal 0.03081 -0.24094 0.97005
    outer loop
      vertex -10.72000 -3.26400 -1.33632
      vertex -9.13536 -2.90643 -1.29783
      vertex -9.77029 -1.45715 -0.91771
    endloop
  endfacet
  facet normal 0.01889 -0.23508 0.97179
    outer loop
      vertex -10.72000 -3.26400 -1.33632
      vertex -9.77029 -1.45715 -0.91771
      vertex -11.07861 -1.67478 -0.94492
    endloop
  endfacet
  facet normal 0.12357 -0.81385 0.56778
    outer loop
      vertex -11.07861 -1.67478 -0.94492
      vertex -9.77029 -1.45715 -0.91771
      vertex -10.03329 -0.85685 0.00000
    endloop
  endfacet
  facet normal 0.10802 -0.80768 0.57965
    outer loop
      vertex -11.07861 -1.67478 -0.94492
      vertex -10.03329 -0.85685 0.00000
      vertex -11.22715 -1.01651 0.00000
    endloop
  endfacet
  facet normal 0.42848 -0.69707 -0.57490
    outer loop
      vertex -10.03329 -0.85685 0.00000
      vertex -9.21133 -0.35160 0.00000
      vertex -8.78666 -0.82499 0.89049
    endloop
  endfacet
  facet normal 0.43011 -0.69408 -0.57729
    outer loop
      vertex -10.03329 -0.85685 0.00000
      vertex -8.78666 -0.82499 0.89049
      vertex -9.77029 -1.45715 0.91771
    endloop
  endfacet
  facet normal 0.11066 -0.21397 -0.97055
    outer loop
      vertex -9.77029 -1.45715 0.91771
      vertex -8.78666 -0.82499 0.89049
      vertex -7.76143 -1.96785 1.25934
    endloop
  endfacet
  facet normal 0.11310 -0.20542 -0.97212
    outer loop
      vertex -9.77029 -1.45715 0.91771
      vertex -7.76143 -1.96785 1.25934
      vertex -9.13536 -2.90643 1.29783
    endloop
  endfacet
  facet normal -0.14980 0.17942 -0.97230
    outer loop
      vertex -9.13536 -2.90643 1.29783
      vertex -7.76143 -1.96785 1.25934
      vertex -6.73619 -3.11070 0.89049
    endloop
  endfacet
  facet normal -0.14866 0.18944 -0.97057
    outer loop
      vertex -9.13536 -2.90643 1.29783
      vertex -6.73619 -3.11070 0.89049
      vertex -8.50044 -4.35570 0.91771
    endloop
  endfacet
  facet normal -0.47607 0.66196 -0.57893
    outer loop
      vertex -8.50044 -4.35570 0.91771
      vertex -6.73619 -3.11070 0.89049
      vertex -6.31152 -3.58409 0.00000
    endloop
  endfacet
  facet normal -0.47552 0.66755 -0.57294
    outer loop
      vertex -8.50044 -4.35570 0.91771
      vertex -6.31152 -3.58409 0.00000
      vertex -8.23744 -4.95600 0.00000
    endloop
  endfacet
  facet normal -0.47315 0.66422 0.57874
    outer loop
      vertex -8.23744 -4.95600 0.00000
      vertex -6.31152 -3.58409 0.00000
      vertex -6.73619 -3.11070 -0.89049
    endloop
  endfacet
  facet normal -0.47858 0.66566 0.57259
    outer loop
      vertex -8.23744 -4.95600 0.00000
      vertex -6.73619 -3.11070 -0.89049
      vertex -8.50044 -4.35570 -0.91771
    endloop
  endfacet
  facet normal -0.14478 0.18391 0.97222
    outer loop
      vertex -8.50044 -4.35570 -0.91771
      vertex -6.73619 -3.11070 -0.89049
      vertex -7.76143 -1.96785 -1.25934
    endloop
  endfacet
  facet normal -0.15471 0.18668 0.97016
    outer loop
      vertex -8.50044 -4.35570 -0.91771
      vertex -7.76143 -1.96785 -1.25934
      vertex -9.13536 -2.90643 -1.29783
    endloop
  endfacet
  facet normal 0.11587 -0.20943 0.97094
    outer loop
      vertex -9.13536 -2.90643 -1.29783
      vertex -7.76143 -1.96785 -1.25934
      vertex -8.78666 -0.82499 -0.89049
    endloop
  endfacet
  facet normal 0.10689 -0.20818 0.97223
    outer loop
      vertex -9.13536 -2.90643 -1.29783
      vertex -8.78666 -0.82499 -0.89049
      vertex -9.77029 -1.45715 -0.91771
    endloop
  endfacet
  facet normal 0.43096 -0.69532 0.57515
    outer loop
      vertex -9.77029 -1.45715 -0.91771
      vertex -8.78666 -0.82499 -0.89049
      vertex -9.21133 -0.35160 0.00000
    endloop
  endfacet
  facet normal 0.42752 -0.69551 0.57748
    outer loop
      vertex -9.77029 -1.45715 -0.91771
      vertex -9.21133 -0.35160 0.00000
      vertex -10.03329 -0.85685 0.00000
    endloop
  endfacet
  facet normal 0.59107 -0.56195 -0.57866
    outer loop
      vertex -9.21133 -0.35160 0.00000
      vertex -8.22881 0.68183 0.00000
      vertex -7.73655 0.31065 0.86327
    endloop
  endfacet
  facet normal 0.59117 -0.56055 -0.57991
    outer loop
      vertex -9.21133 -0.35160 0.00000
      vertex -7.73655 0.31065 0.86327
      vertex -8.78666 -0.82499 0.89049
    endloop
  endfacet
  facet normal 0.16189 -0.17298 -0.97153
    outer loop
      vertex -8.78666 -0.82499 0.89049
      vertex -7.73655 0.31065 0.86327
      vertex -6.54815 -0.58548 1.22085
    endloop
  endfacet
  facet normal 0.16156 -0.16887 -0.97231
    outer loop
      vertex -8.78666 -0.82499 0.89049
      vertex -6.54815 -0.58548 1.22085
      vertex -7.76143 -1.96785 1.25934
    endloop
  endfacet
  facet normal -0.18833 0.13823 -0.97233
    outer loop
      vertex -7.76143 -1.96785 1.25934
      vertex -6.54815 -0.58548 1.22085
      vertex -5.35974 -1.48161 0.86327
    endloop
  endfacet
  facet normal -0.18928 0.14370 -0.97135
    outer loop
      vertex -7.76143 -1.96785 1.25934
      vertex -5.35974 -1.48161 0.86327
      vertex -6.73619 -3.11070 0.89049
    endloop
  endfacet
  facet normal -0.62659 0.51971 -0.58076
    outer loop
      vertex -6.73619 -3.11070 0.89049
      vertex -5.35974 -1.48161 0.86327
      vertex -4.86749 -1.85280 0.00000
    endloop
  endfacet
  facet normal -0.62713 0.52308 -0.57714
    outer loop
      vertex -6.73619 -3.11070 0.89049
      vertex -4.86749 -1.85280 0.00000
      vertex -6.31152 -3.58409 0.00000
    endloop
  endfacet
  facet normal -0.62519 0.52146 0.58071
    outer loop
      vertex -6.31152 -3.58409 0.00000
      vertex -4.86749 -1.85280 0.00000
      vertex -5.35974 -1.48161 -0.86327
    endloop
  endfacet
  facet normal -0.62860 0.52148 0.57699
    outer loop
      vertex -6.31152 -3.58409 0.00000
      vertex -5.35974 -1.48161 -0.86327
      vertex -6.73619 -3.11070 -0.89049
    endloop
  endfacet
  facet normal -0.18619 0.14107 0.97233
    outer loop
      vertex -6.73619 -3.11070 -0.89049
      vertex -5.35974 -1.48161 -0.86327
      vertex -6.54815 -0.58548 -1.22085
    endloop
  endfacet
  facet normal -0.19185 0.14134 0.97119
    outer loop
      vertex -6.73619 -3.11070 -0.89049
      vertex -6.54815 -0.58548 -1.22085
      vertex -7.76143 -1.96785 -1.25934
    endloop
  endfacet
  facet normal 0.16365 -0.17069 0.97164
    outer loop
      vertex -7.76143 -1.96785 -1.25934
      vertex -6.54815 -0.58548 -1.22085
      vertex -7.73655 0.31065 -0.86327
    endloop
  endfacet
  facet normal 0.15947 -0.17076 0.97232
    outer loop
      vertex -7.76143 -1.96785 -1.25934
      vertex -7.73655 0.31065 -0.86327
      vertex -8.78666 -0.82499 -0.89049
    endloop
  endfacet
  facet normal 0.59181 -0.56111 0.57872
    outer loop
      vertex -8.78666 -0.82499 -0.89049
      vertex -7.73655 0.31065 -0.86327
      vertex -8.22881 0.68183 0.00000
    endloop
  endfacet
  facet normal 0.59040 -0.56132 0.57996
    outer loop
      vertex -8.78666 -0.82499 -0.89049
      vertex -8.22881 0.68183 0.00000
      vertex -9.21133 -0.35160 0.00000
    endloop
  endfacet
  facet normal 0.66608 -0.46868 -0.58024
    outer loop
      vertex -8.22881 0.68183 0.00000
      vertex -7.18997 2.15821 0.00000
      vertex -6.67902 1.84928 0.83606
    endloop
  endfacet
  facet normal 0.66594 -0.46799 -0.58095
    outer loop
      vertex -8.22881 0.68183 0.00000
      vertex -6.67902 1.84928 0.83606
      vertex -7.73655 0.31065 0.86327
    endloop
  endfacet
  facet normal 0.18542 -0.14463 -0.97196
    outer loop
      vertex -7.73655 0.31065 0.86327
      vertex -6.67902 1.84928 0.83606
      vertex -5.44549 1.10345 1.18237
    endloop
  endfacet
  facet normal 0.18485 -0.14284 -0.97233
    outer loop
      vertex -7.73655 0.31065 0.86327
      vertex -5.44549 1.10345 1.18237
      vertex -6.54815 -0.58548 1.22085
    endloop
  endfacet
  facet normal -0.20531 0.11189 -0.97228
    outer loop
      vertex -6.54815 -0.58548 1.22085
      vertex -5.44549 1.10345 1.18237
      vertex -4.21195 0.35762 0.83606
    endloop
  endfacet
  facet normal -0.20621 0.11431 -0.97181
    outer loop
      vertex -6.54815 -0.58548 1.22085
      vertex -4.21195 0.35762 0.83606
      vertex -5.35974 -1.48161 0.86327
    endloop
  endfacet
  facet normal -0.69421 0.42463 -0.58117
    outer loop
      vertex -5.35974 -1.48161 0.86327
      vertex -4.21195 0.35762 0.83606
      vertex -3.70101 0.04869 0.00000
    endloop
  endfacet
  facet normal -0.69473 0.42619 -0.57940
    outer loop
      vertex -5.35974 -1.48161 0.86327
      vertex -3.70101 0.04869 0.00000
      vertex -4.86749 -1.85280 0.00000
    endloop
  endfacet
  facet normal -0.69366 0.42553 0.58116
    outer loop
      vertex -4.86749 -1.85280 0.00000
      vertex -3.70101 0.04869 0.00000
      vertex -4.21195 0.35762 -0.83606
    endloop
  endfacet
  facet normal -0.69530 0.42534 0.57935
    outer loop
      vertex -4.86749 -1.85280 0.00000
      vertex -4.21195 0.35762 -0.83606
      vertex -5.35974 -1.48161 -0.86327
    endloop
  endfacet
  facet normal -0.20450 0.11323 0.97229
    outer loop
      vertex -5.35974 -1.48161 -0.86327
      vertex -4.21195 0.35762 -0.83606
      vertex -5.44549 1.10345 -1.18237
    endloop
  endfacet
  facet normal -0.20712 0.11308 0.97176
    outer loop
      vertex -5.35974 -1.48161 -0.86327
      vertex -5.44549 1.10345 -1.18237
      vertex -6.54815 -0.58548 -1.22085
    endloop
  endfacet
  facet normal 0.18605 -0.14362 0.97199
    outer loop
      vertex -6.54815 -0.58548 -1.22085
      vertex -5.44549 1.10345 -1.18237
      vertex -6.67902 1.84928 -0.83606
    endloop
  endfacet
  facet normal 0.18415 -0.14377 0.97233
    outer loop
      vertex -6.54815 -0.58548 -1.22085
      vertex -6.67902 1.84928 -0.83606
      vertex -7.73655 0.31065 -0.86327
    endloop
  endfacet
  facet normal 0.66635 -0.46826 0.58026
    outer loop
      vertex -7.73655 0.31065 -0.86327
      vertex -6.67902 1.84928 -0.83606
      vertex -7.18997 2.15821 0.00000
    endloop
  endfacet
  facet normal 0.66566 -0.46838 0.58096
    outer loop
      vertex -7.73655 0.31065 -0.86327
      vertex -7.18997 2.15821 0.00000
      vertex -8.22881 0.68183 0.00000
    endloop
  endfacet
  facet normal 0.69694 -0.42051 -0.58090
    outer loop
      vertex -7.18997 2.15821 0.00000
      vertex -6.12917 3.91636 0.00000
      vertex -5.62370 3.63676 0.80884
    endloop
  endfacet
  facet normal 0.69686 -0.42027 -0.58117
    outer loop
      vertex -7.18997 2.15821 0.00000
      vertex -5.62370 3.63676 0.80884
      vertex -6.67902 1.84928 0.83606
    endloop
  endfacet
  facet normal 0.19502 -0.12994 -0.97215
    outer loop
      vertex -6.67902 1.84928 0.83606
      vertex -5.62370 3.63676 0.80884
      vertex -4.40340 2.96173 1.14388
    endloop
  endfacet
  facet normal 0.19475 -0.12935 -0.97229
    outer loop
      vertex -6.67902 1.84928 0.83606
      vertex -4.40340 2.96173 1.14388
      vertex -5.44549 1.10345 1.18237
    endloop
  endfacet
  facet normal -0.21223 0.09888 -0.97221
    outer loop
      vertex -5.44549 1.10345 1.18237
      vertex -4.40340 2.96173 1.14388
      vertex -3.18310 2.28671 0.80884
    endloop
  endfacet
  facet normal -0.21262 0.09968 -0.97204
    outer loop
      vertex -5.44549 1.10345 1.18237
      vertex -3.18310 2.28671 0.80884
      vertex -4.21195 0.35762 0.83606
    endloop
  endfacet
  facet normal -0.72149 0.37660 -0.58106
    outer loop
      vertex -4.21195 0.35762 0.83606
      vertex -3.18310 2.28671 0.80884
      vertex -2.67764 2.00711 0.00000
    endloop
  endfacet
  facet normal -0.72172 0.37713 -0.58042
    outer loop
      vertex -4.21195 0.35762 0.83606
      vertex -2.67764 2.00711 0.00000
      vertex -3.70101 0.04869 0.00000
    endloop
  endfacet
  facet normal -0.72131 0.37692 0.58106
    outer loop
      vertex -3.70101 0.04869 0.00000
      vertex -2.67764 2.00711 0.00000
      vertex -3.18310 2.28671 -0.80884
    endloop
  endfacet
  facet normal -0.72189 0.37682 0.58041
    outer loop
      vertex -3.70101 0.04869 0.00000
      vertex -3.18310 2.28671 -0.80884
      vertex -4.21195 0.35762 -0.83606
    endloop
  endfacet
  facet normal -0.21197 0.09934 0.97221
    outer loop
      vertex -4.21195 0.35762 -0.83606
      vertex -3.18310 2.28671 -0.80884
      vertex -4.40340 2.96173 -1.14388
    endloop
  endfacet
  facet normal -0.21288 0.09925 0.97202
    outer loop
      vertex -4.21195 0.35762 -0.83606
      vertex -4.40340 2.96173 -1.14388
      vertex -5.44549 1.10345 -1.18237
    endloop
  endfacet
  facet normal 0.19521 -0.12961 0.97216
    outer loop
      vertex -5.44549 1.10345 -1.18237
      vertex -4.40340 2.96173 -1.14388
      vertex -5.62370 3.63676 -0.80884
    endloop
  endfacet
  facet normal 0.19456 -0.12967 0.97228
    outer loop
      vertex -5.44549 1.10345 -1.18237
      vertex -5.62370 3.63676 -0.80884
      vertex -6.67902 1.84928 -0.83606
    endloop
  endfacet
  facet normal 0.69703 -0.42037 0.58090
    outer loop
      vertex -6.67902 1.84928 -0.83606
      vertex -5.62370 3.63676 -0.80884
      vertex -6.12917 3.91636 0.00000
    endloop
  endfacet
  facet normal 0.69678 -0.42041 0.58117
    outer loop
      vertex -6.67902 1.84928 -0.83606
      vertex -6.12917 3.91636 0.00000
      vertex -7.18997 2.15821 0.00000
    endloop
  endfacet
  facet normal 0.70211 -0.41147 -0.58115
    outer loop
      vertex -6.12917 3.91636 0.00000
      vertex -5.02616 5.79845 0.00000
      vertex -4.54163 5.52129 0.78163
    endloop
  endfacet
  facet normal 0.70214 -0.41155 -0.58105
    outer loop
      vertex -6.12917 3.91636 0.00000
      vertex -4.54163 5.52129 0.78163
      vertex -5.62370 3.63676 0.80884
    endloop
  endfacet
  facet normal 0.19652 -0.12688 -0.97226
    outer loop
      vertex -5.62370 3.63676 0.80884
      vertex -4.54163 5.52129 0.78163
      vertex -3.37185 4.85215 1.10539
    endloop
  endfacet
  facet normal 0.19662 -0.12709 -0.97221
    outer loop
      vertex -5.62370 3.63676 0.80884
      vertex -3.37185 4.85215 1.10539
      vertex -4.40340 2.96173 1.14388
    endloop
  endfacet
  facet normal -0.21367 0.09680 -0.97210
    outer loop
      vertex -4.40340 2.96173 1.14388
      vertex -3.37185 4.85215 1.10539
      vertex -2.20208 4.18301 0.78163
    endloop
  endfacet
  facet normal -0.21352 0.09651 -0.97216
    outer loop
      vertex -4.40340 2.96173 1.14388
      vertex -2.20208 4.18301 0.78163
      vertex -3.18310 2.28671 0.80884
    endloop
  endfacet
  facet normal -0.72648 0.36750 -0.58067
    outer loop
      vertex -3.18310 2.28671 0.80884
      vertex -2.20208 4.18301 0.78163
      vertex -1.71754 3.90584 0.00000
    endloop
  endfacet
  facet normal -0.72639 0.36730 -0.58091
    outer loop
      vertex -3.18310 2.28671 0.80884
      vertex -1.71754 3.90584 0.00000
      vertex -2.67764 2.00711 0.00000
    endloop
  endfacet
  facet normal -0.72654 0.36738 0.58066
    outer loop
      vertex -2.67764 2.00711 0.00000
      vertex -1.71754 3.90584 0.00000
      vertex -2.20208 4.18301 -0.78163
    endloop
  endfacet
  facet normal -0.72633 0.36742 0.58091
    outer loop
      vertex -2.67764 2.00711 0.00000
      vertex -2.20208 4.18301 -0.78163
      vertex -3.18310 2.28671 -0.80884
    endloop
  endfacet
  facet normal -0.21377 0.09664 0.97209
    outer loop
      vertex -3.18310 2.28671 -0.80884
      vertex -2.20208 4.18301 -0.78163
      vertex -3.37185 4.85215 -1.10539
    endloop
  endfacet
  facet normal -0.21343 0.09667 0.97216
    outer loop
      vertex -3.18310 2.28671 -0.80884
      vertex -3.37185 4.85215 -1.10539
      vertex -4.40340 2.96173 -1.14388
    endloop
  endfacet
  facet normal 0.19645 -0.12699 0.97226
    outer loop
      vertex -4.40340 2.96173 -1.14388
      vertex -3.37185 4.85215 -1.10539
      vertex -4.54163 5.52129 -0.78163
    endloop
  endfacet
  facet normal 0.19668 -0.12697 0.97221
    outer loop
      vertex -4.40340 2.96173 -1.14388
      vertex -4.54163 5.52129 -0.78163
      vertex -5.62370 3.63676 -0.80884
    endloop
  endfacet
  facet normal 0.70208 -0.41152 0.58115
    outer loop
      vertex -5.62370 3.63676 -0.80884
      vertex -4.54163 5.52129 -0.78163
      vertex -5.02616 5.79845 0.00000
    endloop
  endfacet
  facet normal 0.70217 -0.41151 0.58105
    outer loop
      vertex -5.62370 3.63676 -0.80884
      vertex -5.02616 5.79845 0.00000
      vertex -6.12917 3.91636 0.00000
    endloop
  endfacet
  facet normal 0.68464 -0.43999 -0.58110
    outer loop
      vertex -5.02616 5.79845 0.00000
      vertex -3.82863 7.66189 0.00000
      vertex -3.38114 7.36185 0.75441
    endloop
  endfacet
  facet normal 0.68479 -0.44035 -0.58065
    outer loop
      vertex -5.02616 5.79845 0.00000
      vertex -3.38114 7.36185 0.75441
      vertex -4.54163 5.52129 0.78163
    endloop
  endfacet
  facet normal 0.19090 -0.13474 -0.97232
    outer loop
      vertex -4.54163 5.52129 0.78163
      vertex -3.38114 7.36185 0.75441
      vertex -2.30080 6.63748 1.06690
    endloop
  endfacet
  facet normal 0.19138 -0.13577 -0.97208
    outer loop
      vertex -4.54163 5.52129 0.78163
      vertex -2.30080 6.63748 1.06690
      vertex -3.37185 4.85215 1.10539
    endloop
  endfacet
  facet normal -0.21050 0.10533 -0.97190
    outer loop
      vertex -3.37185 4.85215 1.10539
      vertex -2.30080 6.63748 1.06690
      vertex -1.22045 5.91311 0.75441
    endloop
  endfacet
  facet normal -0.20976 0.10372 -0.97224
    outer loop
      vertex -3.37185 4.85215 1.10539
      vertex -1.22045 5.91311 0.75441
      vertex -2.20208 4.18301 0.78163
    endloop
  endfacet
  facet normal -0.71252 0.39515 -0.57980
    outer loop
      vertex -2.20208 4.18301 0.78163
      vertex -1.22045 5.91311 0.75441
      vertex -0.77296 5.61306 0.00000
    endloop
  endfacet
  facet normal -0.71208 0.39398 -0.58113
    outer loop
      vertex -2.20208 4.18301 0.78163
      vertex -0.77296 5.61306 0.00000
      vertex -1.71754 3.90584 0.00000
    endloop
  endfacet
  facet normal -0.71293 0.39445 0.57977
    outer loop
      vertex -1.71754 3.90584 0.00000
      vertex -0.77296 5.61306 0.00000
      vertex -1.22045 5.91311 -0.75441
    endloop
  endfacet
  facet normal -0.71170 0.39466 0.58114
    outer loop
      vertex -1.71754 3.90584 0.00000
      vertex -1.22045 5.91311 -0.75441
      vertex -2.20208 4.18301 -0.78163
    endloop
  endfacet
  facet normal -0.21107 0.10447 0.97187
    outer loop
      vertex -2.20208 4.18301 -0.78163
      vertex -1.22045 5.91311 -0.75441
      vertex -2.30080 6.63748 -1.06690
    endloop
  endfacet
  facet normal -0.20927 0.10458 0.97225
    outer loop
      vertex -2.20208 4.18301 -0.78163
      vertex -2.30080 6.63748 -1.06690
      vertex -3.37185 4.85215 -1.10539
    endloop
  endfacet
  facet normal 0.19054 -0.13527 0.97231
    outer loop
      vertex -3.37185 4.85215 -1.10539
      vertex -2.30080 6.63748 -1.06690
      vertex -3.38114 7.36185 -0.75441
    endloop
  endfacet
  facet normal 0.19169 -0.13524 0.97209
    outer loop
      vertex -3.37185 4.85215 -1.10539
      vertex -3.38114 7.36185 -0.75441
      vertex -4.54163 5.52129 -0.78163
    endloop
  endfacet
  facet normal 0.68451 -0.44018 0.58110
    outer loop
      vertex -4.54163 5.52129 -0.78163
      vertex -3.38114 7.36185 -0.75441
      vertex -3.82863 7.66189 0.00000
    endloop
  endfacet
  facet normal 0.68491 -0.44015 0.58066
    outer loop
      vertex -4.54163 5.52129 -0.78163
      vertex -3.82863 7.66189 0.00000
      vertex -5.02616 5.79845 0.00000
    endloop
  endfacet
  facet normal 0.63451 -0.51034 -0.58047
    outer loop
      vertex -3.82863 7.66189 0.00000
      vertex -2.45212 9.37332 0.00000
      vertex -2.06787 9.02395 0.72720
    endloop
  endfacet
  facet normal 0.63470 -0.51098 -0.57971
    outer loop
      vertex -3.82863 7.66189 0.00000
      vertex -2.06787 9.02395 0.72720
      vertex -3.38114 7.36185 0.75441
    endloop
  endfacet
  facet normal 0.17530 -0.15443 -0.97233
    outer loop
      vertex -3.38114 7.36185 0.75441
      vertex -2.06787 9.02395 0.72720
      vertex -1.14019 8.18050 1.02841
    endloop
  endfacet
  facet normal 0.17606 -0.15667 -0.97183
    outer loop
      vertex -3.38114 7.36185 0.75441
      vertex -1.14019 8.18050 1.02841
      vertex -2.30080 6.63748 1.06690
    endloop
  endfacet
  facet normal -0.20042 0.12651 -0.97151
    outer loop
      vertex -2.30080 6.63748 1.06690
      vertex -1.14019 8.18050 1.02841
      vertex -0.21252 7.33705 0.72720
    endloop
  endfacet
  facet normal -0.19917 0.12240 -0.97229
    outer loop
      vertex -2.30080 6.63748 1.06690
      vertex -0.21252 7.33705 0.72720
      vertex -1.22045 5.91311 0.75441
    endloop
  endfacet
  facet normal -0.67136 0.46418 -0.57776
    outer loop
      vertex -1.22045 5.91311 0.75441
      vertex -0.21252 7.33705 0.72720
      vertex 0.17174 6.98768 0.00000
    endloop
  endfacet
  facet normal -0.67069 0.46092 -0.58115
    outer loop
      vertex -1.22045 5.91311 0.75441
      vertex 0.17174 6.98768 0.00000
      vertex -0.77296 5.61306 0.00000
    endloop
  endfacet
  facet normal -0.67275 0.46235 0.57761
    outer loop
      vertex -0.77296 5.61306 0.00000
      vertex 0.17174 6.98768 0.00000
      vertex -0.21252 7.33705 -0.72720
    endloop
  endfacet
  facet normal -0.66944 0.46275 0.58113
    outer loop
      vertex -0.77296 5.61306 0.00000
      vertex -0.21252 7.33705 -0.72720
      vertex -1.22045 5.91311 -0.75441
    endloop
  endfacet
  facet normal -0.20218 0.12454 0.97140
    outer loop
      vertex -1.22045 5.91311 -0.75441
      vertex -0.21252 7.33705 -0.72720
      vertex -1.14019 8.18050 -1.02841
    endloop
  endfacet
  facet normal -0.19776 0.12450 0.97231
    outer loop
      vertex -1.22045 5.91311 -0.75441
      vertex -1.14019 8.18050 -1.02841
      vertex -2.30080 6.63748 -1.06690
    endloop
  endfacet
  facet normal 0.17440 -0.15543 0.97233
    outer loop
      vertex -2.30080 6.63748 -1.06690
      vertex -1.14019 8.18050 -1.02841
      vertex -2.06787 9.02395 -0.72720
    endloop
  endfacet
  facet normal 0.17679 -0.15560 0.97187
    outer loop
      vertex -2.30080 6.63748 -1.06690
      vertex -2.06787 9.02395 -0.72720
      vertex -3.38114 7.36185 -0.75441
    endloop
  endfacet
  facet normal 0.63426 -0.51065 0.58048
    outer loop
      vertex -3.38114 7.36185 -0.75441
      vertex -2.06787 9.02395 -0.72720
      vertex -2.45212 9.37332 0.00000
    endloop
  endfacet
  facet normal 0.63493 -0.51068 0.57972
    outer loop
      vertex -3.38114 7.36185 -0.75441
      vertex -2.45212 9.37332 0.00000
      vertex -3.82863 7.66189 0.00000
    endloop
  endfacet
  facet normal 0.52139 -0.62810 -0.57761
    outer loop
      vertex -2.45212 9.37332 0.00000
      vertex -0.74232 10.79263 0.00000
      vertex -0.47804 10.36833 0.69994
    endloop
  endfacet
  facet normal 0.52141 -0.62831 -0.57737
    outer loop
      vertex -2.45212 9.37332 0.00000
      vertex -0.47804 10.36833 0.69994
      vertex -2.06787 9.02395 0.72720
    endloop
  endfacet
  facet normal 0.14148 -0.18702 -0.97211
    outer loop
      vertex -2.06787 9.02395 0.72720
      vertex -0.47804 10.36833 0.69994
      vertex 0.16000 9.34400 0.98987
    endloop
  endfacet
  facet normal 0.14193 -0.19078 -0.97132
    outer loop
      vertex -2.06787 9.02395 0.72720
      vertex 0.16000 9.34400 0.98987
      vertex -1.14019 8.18050 1.02841
    endloop
  endfacet
  facet normal -0.17630 0.16486 -0.97043
    outer loop
      vertex -1.14019 8.18050 1.02841
      vertex 0.16000 9.34400 0.98987
      vertex 0.79804 8.31967 0.69994
    endloop
  endfacet
  facet normal -0.17583 0.15386 -0.97232
    outer loop
      vertex -1.14019 8.18050 1.02841
      vertex 0.79804 8.31967 0.69994
      vertex -0.21252 7.33705 0.72720
    endloop
  endfacet
  facet normal -0.58012 0.58078 -0.57110
    outer loop
      vertex -0.21252 7.33705 0.72720
      vertex 0.79804 8.31967 0.69994
      vertex 1.06232 7.89537 0.00000
    endloop
  endfacet
  facet normal -0.58102 0.57007 -0.58089
    outer loop
      vertex -0.21252 7.33705 0.72720
      vertex 1.06232 7.89537 0.00000
      vertex 0.17174 6.98768 0.00000
    endloop
  endfacet
  facet normal -0.58640 0.57535 0.57018
    outer loop
      vertex 0.17174 6.98768 0.00000
      vertex 1.06232 7.89537 0.00000
      vertex 0.79804 8.31967 -0.69994
    endloop
  endfacet
  facet normal -0.57552 0.57578 0.58073
    outer loop
      vertex 0.17174 6.98768 0.00000
      vertex 0.79804 8.31967 -0.69994
      vertex -0.21252 7.33705 -0.72720
    endloop
  endfacet
  facet normal -0.18254 0.16083 0.96995
    outer loop
      vertex -0.21252 7.33705 -0.72720
      vertex 0.79804 8.31967 -0.69994
      vertex 0.16000 9.34400 -0.98987
    endloop
  endfacet
  facet normal -0.17113 0.15902 0.97233
    outer loop
      vertex -0.21252 7.33705 -0.72720
      vertex 0.16000 9.34400 -0.98987
      vertex -1.14019 8.18050 -1.02841
    endloop
  endfacet
  facet normal 0.13960 -0.18820 0.97216
    outer loop
      vertex -1.14019 8.18050 -1.02841
      vertex 0.16000 9.34400 -0.98987
      vertex -0.47804 10.36833 -0.69994
    endloop
  endfacet
  facet normal 0.14336 -0.18923 0.97141
    outer loop
      vertex -1.14019 8.18050 -1.02841
      vertex -0.47804 10.36833 -0.69994
      vertex -2.06787 9.02395 -0.72720
    endloop
  endfacet
  facet normal 0.52129 -0.62818 0.57762
    outer loop
      vertex -2.06787 9.02395 -0.72720
      vertex -0.47804 10.36833 -0.69994
      vertex -0.74232 10.79263 0.00000
    endloop
  endfacet
  facet normal 0.52150 -0.62823 0.57738
    outer loop
      vertex -2.06787 9.02395 -0.72720
      vertex -0.74232 10.79263 0.00000
      vertex -2.45212 9.37332 0.00000
    endloop
  endfacet
  facet normal 0.28747 -0.77020 -0.56934
    outer loop
      vertex -0.74232 10.79263 0.00000
      vertex 1.61274 11.63796 0.04554
      vertex 1.66574 11.16055 0.71814
    endloop
  endfacet
  facet normal 0.28821 -0.76675 -0.57361
    outer loop
      vertex -0.74232 10.79263 0.00000
      vertex 1.66574 11.16055 0.71814
      vertex -0.47804 10.36833 0.69994
    endloop
  endfacet
  facet normal 0.09116 -0.22440 -0.97022
    outer loop
      vertex -0.47804 10.36833 0.69994
      vertex 1.66574 11.16055 0.71814
      vertex 1.79372 10.00798 0.99674
    endloop
  endfacet
  facet normal 0.09246 -0.21743 -0.97169
    outer loop
      vertex -0.47804 10.36833 0.69994
      vertex 1.79372 10.00798 0.99674
      vertex 0.16000 9.34400 0.98987
    endloop
  endfacet
  facet normal -0.08732 0.22489 -0.97046
    outer loop
      vertex 0.16000 9.34400 0.98987
      vertex 1.79372 10.00798 0.99674
      vertex 1.92169 8.85540 0.71814
    endloop
  endfacet
  facet normal -0.08895 0.21957 -0.97153
    outer loop
      vertex 0.16000 9.34400 0.98987
      vertex 1.92169 8.85540 0.71814
      vertex 0.79804 8.31967 0.69994
    endloop
  endfacet
  facet normal -0.34898 0.75099 -0.56056
    outer loop
      vertex 0.79804 8.31967 0.69994
      vertex 1.92169 8.85540 0.71814
      vertex 1.97470 8.37799 0.04554
    endloop
  endfacet
  facet normal -0.35840 0.73219 -0.57917
    outer loop
      vertex 0.79804 8.31967 0.69994
      vertex 1.97470 8.37799 0.04554
      vertex 1.06232 7.89537 0.00000
    endloop
  endfacet
  facet normal -0.41213 0.72734 0.54875
    outer loop
      vertex 1.06232 7.89537 0.00000
      vertex 1.97470 8.37799 0.04554
      vertex 1.92169 8.85540 -0.62706
    endloop
  endfacet
  facet normal -0.38088 0.71992 0.58022
    outer loop
      vertex 1.06232 7.89537 0.00000
      vertex 1.92169 8.85540 -0.62706
      vertex 0.79804 8.31967 -0.69994
    endloop
  endfacet
  facet normal -0.16468 0.21443 0.96276
    outer loop
      vertex 0.79804 8.31967 -0.69994
      vertex 1.92169 8.85540 -0.62706
      vertex 1.79372 10.00798 -0.90566
    endloop
  endfacet
  facet normal -0.12924 0.19470 0.97231
    outer loop
      vertex 0.79804 8.31967 -0.69994
      vertex 1.79372 10.00798 -0.90566
      vertex 0.16000 9.34400 -0.98987
    endloop
  endfacet
  facet normal 0.04344 -0.23017 0.97218
    outer loop
      vertex 0.16000 9.34400 -0.98987
      vertex 1.79372 10.00798 -0.90566
      vertex 1.66574 11.16055 -0.62706
    endloop
  endfacet
  facet normal 0.05562 -0.23969 0.96925
    outer loop
      vertex 0.16000 9.34400 -0.98987
      vertex 1.66574 11.16055 -0.62706
      vertex -0.47804 10.36833 -0.69994
    endloop
  endfacet
  facet normal 0.26723 -0.77574 0.57168
    outer loop
      vertex -0.47804 10.36833 -0.69994
      vertex 1.66574 11.16055 -0.62706
      vertex 1.61274 11.63796 0.04554
    endloop
  endfacet
  facet normal 0.26746 -0.77591 0.57133
    outer loop
      vertex -0.47804 10.36833 -0.69994
      vertex 1.61274 11.63796 0.04554
      vertex -0.74232 10.79263 0.00000
    endloop
  endfacet
  facet normal -0.16255 -0.80093 -0.57628
    outer loop
      vertex 1.61274 11.63796 0.04554
      vertex 3.80769 11.16040 0.09015
      vertex 3.64562 10.72902 0.73541
    endloop
  endfacet
  facet normal -0.17159 -0.80970 -0.56120
    outer loop
      vertex 1.61274 11.63796 0.04554
      vertex 3.64562 10.72902 0.73541
      vertex 1.66574 11.16055 0.71814
    endloop
  endfacet
  facet normal -0.04239 -0.23339 -0.97146
    outer loop
      vertex 1.66574 11.16055 0.71814
      vertex 3.64562 10.72902 0.73541
      vertex 3.25436 9.68757 1.00269
    endloop
  endfacet
  facet normal -0.04865 -0.23978 -0.96961
    outer loop
      vertex 1.66574 11.16055 0.71814
      vertex 3.25436 9.68757 1.00269
      vertex 1.79372 10.00798 0.99674
    endloop
  endfacet
  facet normal 0.05420 0.22906 -0.97190
    outer loop
      vertex 1.79372 10.00798 0.99674
      vertex 3.25436 9.68757 1.00269
      vertex 2.86309 8.64613 0.73541
    endloop
  endfacet
  facet normal 0.07152 0.24185 -0.96768
    outer loop
      vertex 1.79372 10.00798 0.99674
      vertex 2.86309 8.64613 0.73541
      vertex 1.92169 8.85540 0.71814
    endloop
  endfacet
  facet normal 0.18717 0.79427 -0.57801
    outer loop
      vertex 1.92169 8.85540 0.71814
      vertex 2.86309 8.64613 0.73541
      vertex 2.70103 8.21475 0.09015
    endloop
  endfacet
  facet normal 0.21480 0.80434 -0.55399
    outer loop
      vertex 1.92169 8.85540 0.71814
      vertex 2.70103 8.21475 0.09015
      vertex 1.97470 8.37799 0.04554
    endloop
  endfacet
  facet normal 0.14565 0.80518 0.57487
    outer loop
      vertex 1.97470 8.37799 0.04554
      vertex 2.70103 8.21475 0.09015
      vertex 2.86309 8.64613 -0.55510
    endloop
  endfacet
  facet normal 0.13742 0.81280 0.56610
    outer loop
      vertex 1.97470 8.37799 0.04554
      vertex 2.86309 8.64613 -0.55510
      vertex 1.92169 8.85540 -0.62706
    endloop
  endfacet
  facet normal -0.01730 0.25464 0.96688
    outer loop
      vertex 1.92169 8.85540 -0.62706
      vertex 2.86309 8.64613 -0.55510
      vertex 3.25436 9.68757 -0.82238
    endloop
  endfacet
  facet normal -0.00398 0.23453 0.97210
    outer loop
      vertex 1.92169 8.85540 -0.62706
      vertex 3.25436 9.68757 -0.82238
      vertex 1.79372 10.00798 -0.90566
    endloop
  endfacet
  facet normal -0.10177 -0.21125 0.97212
    outer loop
      vertex 1.79372 10.00798 -0.90566
      vertex 3.25436 9.68757 -0.82238
      vertex 3.64562 10.72902 -0.55510
    endloop
  endfacet
  facet normal -0.08813 -0.24327 0.96595
    outer loop
      vertex 1.79372 10.00798 -0.90566
      vertex 3.64562 10.72902 -0.55510
      vertex 1.66574 11.16055 -0.62706
    endloop
  endfacet
  facet normal -0.19373 -0.79241 0.57841
    outer loop
      vertex 1.66574 11.16055 -0.62706
      vertex 3.64562 10.72902 -0.55510
      vertex 3.80769 11.16040 0.09015
    endloop
  endfacet
  facet normal -0.18715 -0.80795 0.55874
    outer loop
      vertex 1.66574 11.16055 -0.62706
      vertex 3.80769 11.16040 0.09015
      vertex 1.61274 11.63796 0.04554
    endloop
  endfacet
  facet normal -0.41053 -0.70514 -0.57814
    outer loop
      vertex 3.80769 11.16040 0.09015
      vertex 5.42123 10.18592 0.13293
      vertex 5.15324 9.83532 0.75085
    endloop
  endfacet
  facet normal -0.41261 -0.70599 -0.57561
    outer loop
      vertex 3.80769 11.16040 0.09015
      vertex 5.15324 9.83532 0.75085
      vertex 3.64562 10.72902 0.73541
    endloop
  endfacet
  facet normal -0.11302 -0.20744 -0.97170
    outer loop
      vertex 3.64562 10.72902 0.73541
      vertex 5.15324 9.83532 0.75085
      vertex 4.50627 8.98889 1.00680
    endloop
  endfacet
  facet normal -0.11243 -0.20717 -0.97182
    outer loop
      vertex 3.64562 10.72902 0.73541
      vertex 4.50627 8.98889 1.00680
      vertex 3.25436 9.68757 1.00269
    endloop
  endfacet
  facet normal 0.11721 0.20429 -0.97187
    outer loop
      vertex 3.25436 9.68757 1.00269
      vertex 4.50627 8.98889 1.00680
      vertex 3.85930 8.14245 0.75085
    endloop
  endfacet
  facet normal 0.11860 0.20479 -0.97159
    outer loop
      vertex 3.25436 9.68757 1.00269
      vertex 3.85930 8.14245 0.75085
      vertex 2.86309 8.64613 0.73541
    endloop
  endfacet
  facet normal 0.37615 0.72635 -0.57526
    outer loop
      vertex 2.86309 8.64613 0.73541
      vertex 3.85930 8.14245 0.75085
      vertex 3.59132 7.79185 0.13293
    endloop
  endfacet
  facet normal 0.37247 0.72558 -0.57863
    outer loop
      vertex 2.86309 8.64613 0.73541
      vertex 3.59132 7.79185 0.13293
      vertex 2.70103 8.21475 0.09015
    endloop
  endfacet
  facet normal 0.33002 0.75242 0.57005
    outer loop
      vertex 2.70103 8.21475 0.09015
      vertex 3.59132 7.79185 0.13293
      vertex 3.85930 8.14245 -0.48498
    endloop
  endfacet
  facet normal 0.33453 0.74246 0.58038
    outer loop
      vertex 2.70103 8.21475 0.09015
      vertex 3.85930 8.14245 -0.48498
      vertex 2.86309 8.64613 -0.55510
    endloop
  endfacet
  facet normal 0.05754 0.24841 0.96694
    outer loop
      vertex 2.86309 8.64613 -0.55510
      vertex 3.85930 8.14245 -0.48498
      vertex 4.50627 8.98889 -0.74093
    endloop
  endfacet
  facet normal 0.06282 0.22588 0.97213
    outer loop
      vertex 2.86309 8.64613 -0.55510
      vertex 4.50627 8.98889 -0.74093
      vertex 3.25436 9.68757 -0.82238
    endloop
  endfacet
  facet normal -0.15933 -0.17217 0.97210
    outer loop
      vertex 3.25436 9.68757 -0.82238
      vertex 4.50627 8.98889 -0.74093
      vertex 5.15324 9.83532 -0.48498
    endloop
  endfacet
  facet normal -0.15745 -0.18957 0.96916
    outer loop
      vertex 3.25436 9.68757 -0.82238
      vertex 5.15324 9.83532 -0.48498
      vertex 3.64562 10.72902 -0.55510
    endloop
  endfacet
  facet normal -0.43530 -0.68886 0.57964
    outer loop
      vertex 3.64562 10.72902 -0.55510
      vertex 5.15324 9.83532 -0.48498
      vertex 5.42123 10.18592 0.13293
    endloop
  endfacet
  facet normal -0.43461 -0.69447 0.57344
    outer loop
      vertex 3.64562 10.72902 -0.55510
      vertex 5.42123 10.18592 0.13293
      vertex 3.80769 11.16040 0.09015
    endloop
  endfacet
  facet normal -0.59806 -0.55496 -0.57822
    outer loop
      vertex 5.42123 10.18592 0.13293
      vertex 6.62788 8.84382 0.17301
      vertex 6.28568 8.59727 0.76358
    endloop
  endfacet
  facet normal -0.60051 -0.55520 -0.57545
    outer loop
      vertex 5.42123 10.18592 0.13293
      vertex 6.28568 8.59727 0.76358
      vertex 5.15324 9.83532 0.75085
    endloop
  endfacet
  facet normal -0.16910 -0.16467 -0.97175
    outer loop
      vertex 5.15324 9.83532 0.75085
      vertex 6.28568 8.59727 0.76358
      vertex 5.45954 8.00205 1.00821
    endloop
  endfacet
  facet normal -0.16902 -0.16466 -0.97176
    outer loop
      vertex 5.15324 9.83532 0.75085
      vertex 5.45954 8.00205 1.00821
      vertex 4.50627 8.98889 1.00680
    endloop
  endfacet
  facet normal 0.17026 0.16308 -0.97181
    outer loop
      vertex 4.50627 8.98889 1.00680
      vertex 5.45954 8.00205 1.00821
      vertex 4.63340 7.40682 0.76358
    endloop
  endfacet
  facet normal 0.17100 0.16312 -0.97167
    outer loop
      vertex 4.50627 8.98889 1.00680
      vertex 4.63340 7.40682 0.76358
      vertex 3.85930 8.14245 0.75085
    endloop
  endfacet
  facet normal 0.56853 0.58831 -0.57503
    outer loop
      vertex 3.85930 8.14245 0.75085
      vertex 4.63340 7.40682 0.76358
      vertex 4.29120 7.16027 0.17301
    endloop
  endfacet
  facet normal 0.56436 0.58867 -0.57877
    outer loop
      vertex 3.85930 8.14245 0.75085
      vertex 4.29120 7.16027 0.17301
      vertex 3.59132 7.79185 0.13293
    endloop
  endfacet
  facet normal 0.53233 0.62605 0.56981
    outer loop
      vertex 3.59132 7.79185 0.13293
      vertex 4.29120 7.16027 0.17301
      vertex 4.63340 7.40682 -0.41757
    endloop
  endfacet
  facet normal 0.53382 0.61493 0.58042
    outer loop
      vertex 3.59132 7.79185 0.13293
      vertex 4.63340 7.40682 -0.41757
      vertex 3.85930 8.14245 -0.48498
    endloop
  endfacet
  facet normal 0.12653 0.22175 0.96686
    outer loop
      vertex 3.85930 8.14245 -0.48498
      vertex 4.63340 7.40682 -0.41757
      vertex 5.45954 8.00205 -0.66219
    endloop
  endfacet
  facet normal 0.12506 0.19837 0.97212
    outer loop
      vertex 3.85930 8.14245 -0.48498
      vertex 5.45954 8.00205 -0.66219
      vertex 4.50627 8.98889 -0.74093
    endloop
  endfacet
  facet normal -0.20267 -0.11821 0.97209
    outer loop
      vertex 4.50627 8.98889 -0.74093
      vertex 5.45954 8.00205 -0.66219
      vertex 6.28568 8.59727 -0.41757
    endloop
  endfacet
  facet normal -0.20596 -0.13562 0.96912
    outer loop
      vertex 4.50627 8.98889 -0.74093
      vertex 6.28568 8.59727 -0.41757
      vertex 5.15324 9.83532 -0.48498
    endloop
  endfacet
  facet normal -0.61673 -0.53255 0.57968
    outer loop
      vertex 5.15324 9.83532 -0.48498
      vertex 6.28568 8.59727 -0.41757
      vertex 6.62788 8.84382 0.17301
    endloop
  endfacet
  facet normal -0.61773 -0.53826 0.57331
    outer loop
      vertex 5.15324 9.83532 -0.48498
      vertex 6.62788 8.84382 0.17301
      vertex 5.42123 10.18592 0.13293
    endloop
  endfacet
  facet normal -0.73411 -0.35584 -0.57832
    outer loop
      vertex 6.62788 8.84382 0.17301
      vertex 7.35678 7.28069 0.20956
      vertex 6.97622 7.15041 0.77279
    endloop
  endfacet
  facet normal -0.73678 -0.35531 -0.57525
    outer loop
      vertex 6.62788 8.84382 0.17301
      vertex 6.97622 7.15041 0.77279
      vertex 6.28568 8.59727 0.76358
    endloop
  endfacet
  facet normal -0.21030 -0.10655 -0.97181
    outer loop
      vertex 6.28568 8.59727 0.76358
      vertex 6.97622 7.15041 0.77279
      vertex 6.05747 6.83589 1.00609
    endloop
  endfacet
  facet normal -0.21103 -0.10644 -0.97167
    outer loop
      vertex 6.28568 8.59727 0.76358
      vertex 6.05747 6.83589 1.00609
      vertex 5.45954 8.00205 1.00821
    endloop
  endfacet
  facet normal 0.20939 0.10913 -0.97172
    outer loop
      vertex 5.45954 8.00205 1.00821
      vertex 6.05747 6.83589 1.00609
      vertex 5.13873 6.52136 0.77279
    endloop
  endfacet
  facet normal 0.20907 0.10921 -0.97178
    outer loop
      vertex 5.45954 8.00205 1.00821
      vertex 5.13873 6.52136 0.77279
      vertex 4.63340 7.40682 0.76358
    endloop
  endfacet
  facet normal 0.71330 0.40110 -0.57473
    outer loop
      vertex 4.63340 7.40682 0.76358
      vertex 5.13873 6.52136 0.77279
      vertex 4.75817 6.39109 0.20956
    endloop
  endfacet
  facet normal 0.70890 0.40286 -0.57894
    outer loop
      vertex 4.63340 7.40682 0.76358
      vertex 4.75817 6.39109 0.20956
      vertex 4.29120 7.16027 0.17301
    endloop
  endfacet
  facet normal 0.69030 0.44614 0.56960
    outer loop
      vertex 4.29120 7.16027 0.17301
      vertex 4.75817 6.39109 0.20956
      vertex 5.13873 6.52136 -0.35368
    endloop
  endfacet
  facet normal 0.68849 0.43480 0.58045
    outer loop
      vertex 4.29120 7.16027 0.17301
      vertex 5.13873 6.52136 -0.35368
      vertex 4.63340 7.40682 -0.41757
    endloop
  endfacet
  facet normal 0.18541 0.17558 0.96685
    outer loop
      vertex 4.63340 7.40682 -0.41757
      vertex 5.13873 6.52136 -0.35368
      vertex 6.05747 6.83589 -0.58698
    endloop
  endfacet
  facet normal 0.17721 0.15356 0.97212
    outer loop
      vertex 4.63340 7.40682 -0.41757
      vertex 6.05747 6.83589 -0.58698
      vertex 5.45954 8.00205 -0.66219
    endloop
  endfacet
  facet normal -0.22824 -0.05433 0.97209
    outer loop
      vertex 5.45954 8.00205 -0.66219
      vertex 6.05747 6.83589 -0.58698
      vertex 6.97622 7.15041 -0.35368
    endloop
  endfacet
  facet normal -0.23647 -0.07007 0.96911
    outer loop
      vertex 5.45954 8.00205 -0.66219
      vertex 6.97622 7.15041 -0.35368
      vertex 6.28568 8.59727 -0.41757
    endloop
  endfacet
  facet normal -0.74502 -0.32998 0.57971
    outer loop
      vertex 6.28568 8.59727 -0.41757
      vertex 6.97622 7.15041 -0.35368
      vertex 7.35678 7.28069 0.20956
    endloop
  endfacet
  facet normal -0.74770 -0.33525 0.57320
    outer loop
      vertex 6.28568 8.59727 -0.41757
      vertex 7.35678 7.28069 0.20956
      vertex 6.62788 8.84382 0.17301
    endloop
  endfacet
  facet normal -0.80614 -0.12463 -0.57845
    outer loop
      vertex 7.35678 7.28069 0.20956
      vertex 7.58543 5.65187 0.24184
      vertex 7.20295 5.63865 0.77773
    endloop
  endfacet
  facet normal -0.80883 -0.12318 -0.57499
    outer loop
      vertex 7.35678 7.28069 0.20956
      vertex 7.20295 5.63865 0.77773
      vertex 6.97622 7.15041 0.77279
    endloop
  endfacet
  facet normal -0.23232 -0.03802 -0.97190
    outer loop
      vertex 6.97622 7.15041 0.77279
      vertex 7.20295 5.63865 0.77773
      vertex 6.27954 5.60674 0.99971
    endloop
  endfacet
  facet normal -0.23396 -0.03722 -0.97153
    outer loop
      vertex 6.97622 7.15041 0.77279
      vertex 6.27954 5.60674 0.99971
      vertex 6.05747 6.83589 1.00609
    endloop
  endfacet
  facet normal 0.23194 0.04695 -0.97160
    outer loop
      vertex 6.05747 6.83589 1.00609
      vertex 6.27954 5.60674 0.99971
      vertex 5.35614 5.57483 0.77773
    endloop
  endfacet
  facet normal 0.23042 0.04785 -0.97191
    outer loop
      vertex 6.05747 6.83589 1.00609
      vertex 5.35614 5.57483 0.77773
      vertex 5.13873 6.52136 0.77279
    endloop
  endfacet
  facet normal 0.79848 0.18041 -0.57435
    outer loop
      vertex 5.13873 6.52136 0.77279
      vertex 5.35614 5.57483 0.77773
      vertex 4.97366 5.56161 0.24184
    endloop
  endfacet
  facet normal 0.79423 0.18379 -0.57915
    outer loop
      vertex 5.13873 6.52136 0.77279
      vertex 4.97366 5.56161 0.24184
      vertex 4.75817 6.39109 0.20956
    endloop
  endfacet
  facet normal 0.78996 0.22739 0.56943
    outer loop
      vertex 4.75817 6.39109 0.20956
      vertex 4.97366 5.56161 0.24184
      vertex 5.35614 5.57483 -0.29405
    endloop
  endfacet
  facet normal 0.78488 0.21685 0.58047
    outer loop
      vertex 4.75817 6.39109 0.20956
      vertex 5.35614 5.57483 -0.29405
      vertex 5.13873 6.52136 -0.35368
    endloop
  endfacet
  facet normal 0.22851 0.11340 0.96691
    outer loop
      vertex 5.13873 6.52136 -0.35368
      vertex 5.35614 5.57483 -0.29405
      vertex 6.27954 5.60674 -0.51603
    endloop
  endfacet
  facet normal 0.21439 0.09485 0.97213
    outer loop
      vertex 5.13873 6.52136 -0.35368
      vertex 6.27954 5.60674 -0.51603
      vertex 6.05747 6.83589 -0.58698
    endloop
  endfacet
  facet normal -0.23416 0.01381 0.97210
    outer loop
      vertex 6.05747 6.83589 -0.58698
      vertex 6.27954 5.60674 -0.51603
      vertex 7.20295 5.63865 -0.29405
    endloop
  endfacet
  facet normal -0.24652 0.00125 0.96914
    outer loop
      vertex 6.05747 6.83589 -0.58698
      vertex 7.20295 5.63865 -0.29405
      vertex 6.97622 7.15041 -0.35368
    endloop
  endfacet
  facet normal -0.80884 -0.09844 0.57973
    outer loop
      vertex 6.97622 7.15041 -0.35368
      vertex 7.20295 5.63865 -0.29405
      vertex 7.58543 5.65187 0.24184
    endloop
  endfacet
  facet normal -0.81302 -0.10277 0.57310
    outer loop
      vertex 6.97622 7.15041 -0.35368
      vertex 7.58543 5.65187 0.24184
      vertex 7.35678 7.28069 0.20956
    endloop
  endfacet
  facet normal -0.80694 0.11868 -0.57859
    outer loop
      vertex 7.58543 5.65187 0.24184
      vertex 7.33852 4.10647 0.26920
      vertex 6.98769 4.20041 0.77775
    endloop
  endfacet
  facet normal -0.80936 0.12112 -0.57468
    outer loop
      vertex 7.58543 5.65187 0.24184
      vertex 6.98769 4.20041 0.77775
      vertex 7.20295 5.63865 0.77773
    endloop
  endfacet
  facet normal -0.23243 0.03477 -0.97199
    outer loop
      vertex 7.20295 5.63865 0.77773
      vertex 6.98769 4.20041 0.77775
      vertex 6.14072 4.42721 0.98840
    endloop
  endfacet
  facet normal -0.23478 0.03694 -0.97135
    outer loop
      vertex 7.20295 5.63865 0.77773
      vertex 6.14072 4.42721 0.98840
      vertex 6.27954 5.60674 0.99971
    endloop
  endfacet
  facet normal 0.23664 -0.01854 -0.97142
    outer loop
      vertex 6.27954 5.60674 0.99971
      vertex 6.14072 4.42721 0.98840
      vertex 5.29375 4.65401 0.77775
    endloop
  endfacet
  facet normal 0.23422 -0.01589 -0.97205
    outer loop
      vertex 6.27954 5.60674 0.99971
      vertex 5.29375 4.65401 0.77775
      vertex 5.35614 5.57483 0.77773
    endloop
  endfacet
  facet normal 0.81706 -0.05538 -0.57388
    outer loop
      vertex 5.35614 5.57483 0.77773
      vertex 5.29375 4.65401 0.77775
      vertex 4.94292 4.74795 0.26920
    endloop
  endfacet
  facet normal 0.81350 -0.05021 -0.57939
    outer loop
      vertex 5.35614 5.57483 0.77773
      vertex 4.94292 4.74795 0.26920
      vertex 4.97366 5.56161 0.24184
    endloop
  endfacet
  facet normal 0.82205 -0.01191 0.56929
    outer loop
      vertex 4.97366 5.56161 0.24184
      vertex 4.94292 4.74795 0.26920
      vertex 5.29375 4.65401 -0.23935
    endloop
  endfacet
  facet normal 0.81401 -0.02067 0.58048
    outer loop
      vertex 4.97366 5.56161 0.24184
      vertex 5.29375 4.65401 -0.23935
      vertex 5.35614 5.57483 -0.29405
    endloop
  endfacet
  facet normal 0.25134 0.04042 0.96706
    outer loop
      vertex 5.35614 5.57483 -0.29405
      vertex 5.29375 4.65401 -0.23935
      vertex 6.14072 4.42721 -0.45000
    endloop
  endfacet
  facet normal 0.23276 0.02703 0.97216
    outer loop
      vertex 5.35614 5.57483 -0.29405
      vertex 6.14072 4.42721 -0.45000
      vertex 6.27954 5.60674 -0.51603
    endloop
  endfacet
  facet normal -0.22026 0.08034 0.97213
    outer loop
      vertex 6.27954 5.60674 -0.51603
      vertex 6.14072 4.42721 -0.45000
      vertex 6.98769 4.20041 -0.23935
    endloop
  endfacet
  facet normal -0.23548 0.07211 0.96920
    outer loop
      vertex 6.27954 5.60674 -0.51603
      vertex 6.98769 4.20041 -0.23935
      vertex 7.20295 5.63865 -0.29405
    endloop
  endfacet
  facet normal -0.80231 0.14213 0.57974
    outer loop
      vertex 7.20295 5.63865 -0.29405
      vertex 6.98769 4.20041 -0.23935
      vertex 7.33852 4.10647 0.26920
    endloop
  endfacet
  facet normal -0.80764 0.13918 0.57301
    outer loop
      vertex 7.20295 5.63865 -0.29405
      vertex 7.33852 4.10647 0.26920
      vertex 7.58543 5.65187 0.24184
    endloop
  endfacet
  facet normal -0.73535 0.35256 -0.57876
    outer loop
      vertex 7.33852 4.10647 0.26920
      vertex 6.68237 2.77385 0.29108
      vertex 6.39100 2.95607 0.77229
    endloop
  endfacet
  facet normal -0.73717 0.35601 -0.57431
    outer loop
      vertex 7.33852 4.10647 0.26920
      vertex 6.39100 2.95607 0.77229
      vertex 6.98769 4.20041 0.77775
    endloop
  endfacet
  facet normal -0.20985 0.10489 -0.97209
    outer loop
      vertex 6.98769 4.20041 0.77775
      vertex 6.39100 2.95607 0.77229
      vertex 5.68756 3.39599 0.97162
    endloop
  endfacet
  facet normal -0.21230 0.10910 -0.97109
    outer loop
      vertex 6.98769 4.20041 0.77775
      vertex 5.68756 3.39599 0.97162
      vertex 6.14072 4.42721 0.98840
    endloop
  endfacet
  facet normal 0.22362 -0.08246 -0.97118
    outer loop
      vertex 6.14072 4.42721 0.98840
      vertex 5.68756 3.39599 0.97162
      vertex 4.98412 3.83590 0.77229
    endloop
  endfacet
  facet normal 0.22112 -0.07720 -0.97219
    outer loop
      vertex 6.14072 4.42721 0.98840
      vertex 4.98412 3.83590 0.77229
      vertex 5.29375 4.65401 0.77775
    endloop
  endfacet
  facet normal 0.76755 -0.28667 -0.57331
    outer loop
      vertex 5.29375 4.65401 0.77775
      vertex 4.98412 3.83590 0.77229
      vertex 4.69274 4.01812 0.29108
    endloop
  endfacet
  facet normal 0.76534 -0.27973 -0.57965
    outer loop
      vertex 5.29375 4.65401 0.77775
      vertex 4.69274 4.01812 0.29108
      vertex 4.94292 4.74795 0.26920
    endloop
  endfacet
  facet normal 0.78287 -0.25129 0.56919
    outer loop
      vertex 4.94292 4.74795 0.26920
      vertex 4.69274 4.01812 0.29108
      vertex 4.98412 3.83590 -0.19013
    endloop
  endfacet
  facet normal 0.77251 -0.25745 0.58048
    outer loop
      vertex 4.94292 4.74795 0.26920
      vertex 4.98412 3.83590 -0.19013
      vertex 5.29375 4.65401 -0.23935
    endloop
  endfacet
  facet normal 0.25106 -0.03682 0.96727
    outer loop
      vertex 5.29375 4.65401 -0.23935
      vertex 4.98412 3.83590 -0.19013
      vertex 5.68756 3.39599 -0.38945
    endloop
  endfacet
  facet normal 0.23001 -0.04400 0.97219
    outer loop
      vertex 5.29375 4.65401 -0.23935
      vertex 5.68756 3.39599 -0.38945
      vertex 6.14072 4.42721 -0.45000
    endloop
  endfacet
  facet normal -0.18808 0.13973 0.97216
    outer loop
      vertex 6.14072 4.42721 -0.45000
      vertex 5.68756 3.39599 -0.38945
      vertex 6.39100 2.95607 -0.19013
    endloop
  endfacet
  facet normal -0.20454 0.13643 0.96930
    outer loop
      vertex 6.14072 4.42721 -0.45000
      vertex 6.39100 2.95607 -0.19013
      vertex 6.98769 4.20041 -0.23935
    endloop
  endfacet
  facet normal -0.72552 0.37084 0.57973
    outer loop
      vertex 6.98769 4.20041 -0.23935
      vertex 6.39100 2.95607 -0.19013
      vertex 6.68237 2.77385 0.29108
    endloop
  endfacet
  facet normal -0.73154 0.36960 0.57293
    outer loop
      vertex 6.98769 4.20041 -0.23935
      vertex 6.68237 2.77385 0.29108
      vertex 7.33852 4.10647 0.26920
    endloop
  endfacet
  facet normal -0.59661 0.55577 -0.57895
    outer loop
      vertex 6.68237 2.77385 0.29108
      vertex 5.71576 1.75282 0.30704
      vertex 5.50363 1.99790 0.76091
    endloop
  endfacet
  facet normal -0.59745 0.56012 -0.57386
    outer loop
      vertex 6.68237 2.77385 0.29108
      vertex 5.50363 1.99790 0.76091
      vertex 6.39100 2.95607 0.77229
    endloop
  endfacet
  facet normal -0.16596 0.16525 -0.97219
    outer loop
      vertex 6.39100 2.95607 0.77229
      vertex 5.50363 1.99790 0.76091
      vertex 4.99150 2.58958 0.94890
    endloop
  endfacet
  facet normal -0.16754 0.17195 -0.97076
    outer loop
      vertex 6.39100 2.95607 0.77229
      vertex 4.99150 2.58958 0.94890
      vertex 5.68756 3.39599 0.97162
    endloop
  endfacet
  facet normal 0.19426 -0.14034 -0.97086
    outer loop
      vertex 5.68756 3.39599 0.97162
      vertex 4.99150 2.58958 0.94890
      vertex 4.47937 3.18125 0.76091
    endloop
  endfacet
  facet normal 0.19301 -0.13190 -0.97229
    outer loop
      vertex 5.68756 3.39599 0.97162
      vertex 4.47937 3.18125 0.76091
      vertex 4.98412 3.83590 0.77229
    endloop
  endfacet
  facet normal 0.65404 -0.49432 -0.57261
    outer loop
      vertex 4.98412 3.83590 0.77229
      vertex 4.47937 3.18125 0.76091
      vertex 4.26724 3.42633 0.30704
    endloop
  endfacet
  facet normal 0.65395 -0.48583 -0.57994
    outer loop
      vertex 4.98412 3.83590 0.77229
      vertex 4.26724 3.42633 0.30704
      vertex 4.69274 4.01812 0.29108
    endloop
  endfacet
  facet normal 0.67481 -0.46985 0.56910
    outer loop
      vertex 4.69274 4.01812 0.29108
      vertex 4.26724 3.42633 0.30704
      vertex 4.47937 3.18125 -0.14683
    endloop
  endfacet
  facet normal 0.66298 -0.47278 0.58046
    outer loop
      vertex 4.69274 4.01812 0.29108
      vertex 4.47937 3.18125 -0.14683
      vertex 4.98412 3.83590 -0.19013
    endloop
  endfacet
  facet normal 0.22695 -0.11099 0.96756
    outer loop
      vertex 4.98412 3.83590 -0.19013
      vertex 4.47937 3.18125 -0.14683
      vertex 4.99150 2.58958 -0.33483
    endloop
  endfacet
  facet normal 0.20566 -0.11166 0.97223
    outer loop
      vertex 4.98412 3.83590 -0.19013
      vertex 4.99150 2.58958 -0.33483
      vertex 5.68756 3.39599 -0.38945
    endloop
  endfacet
  facet normal -0.14060 0.18721 0.97221
    outer loop
      vertex 5.68756 3.39599 -0.38945
      vertex 4.99150 2.58958 -0.33483
      vertex 5.50363 1.99790 -0.14683
    endloop
  endfacet
  facet normal -0.15660 0.18884 0.96944
    outer loop
      vertex 5.68756 3.39599 -0.38945
      vertex 5.50363 1.99790 -0.14683
      vertex 6.39100 2.95607 -0.19013
    endloop
  endfacet
  facet normal -0.58460 0.56760 0.57972
    outer loop
      vertex 6.39100 2.95607 -0.19013
      vertex 5.50363 1.99790 -0.14683
      vertex 5.71576 1.75282 0.30704
    endloop
  endfacet
  facet normal -0.59074 0.56821 0.57286
    outer loop
      vertex 6.39100 2.95607 -0.19013
      vertex 5.71576 1.75282 0.30704
      vertex 6.68237 2.77385 0.29108
    endloop
  endfacet
  facet normal -0.40210 0.70915 -0.57915
    outer loop
      vertex 5.71576 1.75282 0.30704
      vertex 4.55817 1.10437 0.31674
      vertex 4.43577 1.38331 0.74327
    endloop
  endfacet
  facet normal -0.40157 0.71417 -0.57332
    outer loop
      vertex 5.71576 1.75282 0.30704
      vertex 4.43577 1.38331 0.74327
      vertex 5.50363 1.99790 0.76091
    endloop
  endfacet
  facet normal -0.10439 0.20927 -0.97227
    outer loop
      vertex 5.50363 1.99790 0.76091
      vertex 4.43577 1.38331 0.74327
      vertex 4.14026 2.05671 0.91994
    endloop
  endfacet
  facet normal -0.10376 0.21849 -0.97031
    outer loop
      vertex 5.50363 1.99790 0.76091
      vertex 4.14026 2.05671 0.91994
      vertex 4.99150 2.58958 0.94890
    endloop
  endfacet
  facet normal 0.15093 -0.18837 -0.97043
    outer loop
      vertex 4.99150 2.58958 0.94890
      vertex 4.14026 2.05671 0.91994
      vertex 3.84475 2.73012 0.74327
    endloop
  endfacet
  facet normal 0.15269 -0.17678 -0.97233
    outer loop
      vertex 4.99150 2.58958 0.94890
      vertex 3.84475 2.73012 0.74327
      vertex 4.47937 3.18125 0.76091
    endloop
  endfacet
  facet normal 0.48584 -0.66110 -0.57176
    outer loop
      vertex 4.47937 3.18125 0.76091
      vertex 3.84475 2.73012 0.74327
      vertex 3.72234 3.00905 0.31674
    endloop
  endfacet
  facet normal 0.48865 -0.65158 -0.58023
    outer loop
      vertex 4.47937 3.18125 0.76091
      vertex 3.72234 3.00905 0.31674
      vertex 4.26724 3.42633 0.30704
    endloop
  endfacet
  facet normal 0.50633 -0.64794 0.56904
    outer loop
      vertex 4.26724 3.42633 0.30704
      vertex 3.72234 3.00905 0.31674
      vertex 3.84475 2.73012 -0.10978
    endloop
  endfacet
  facet normal 0.49404 -0.64731 0.58044
    outer loop
      vertex 4.26724 3.42633 0.30704
      vertex 3.84475 2.73012 -0.10978
      vertex 4.47937 3.18125 -0.14683
    endloop
  endfacet
  facet normal 0.18066 -0.17466 0.96791
    outer loop
      vertex 4.47937 3.18125 -0.14683
      vertex 3.84475 2.73012 -0.10978
      vertex 4.14026 2.05671 -0.28646
    endloop
  endfacet
  facet normal 0.16126 -0.16935 0.97227
    outer loop
      vertex 4.47937 3.18125 -0.14683
      vertex 4.14026 2.05671 -0.28646
      vertex 4.99150 2.58958 -0.33483
    endloop
  endfacet
  facet normal -0.08192 0.21913 0.97225
    outer loop
      vertex 4.99150 2.58958 -0.33483
      vertex 4.14026 2.05671 -0.28646
      vertex 4.43577 1.38331 -0.10978
    endloop
  endfacet
  facet normal -0.09590 0.22508 0.96961
    outer loop
      vertex 4.99150 2.58958 -0.33483
      vertex 4.43577 1.38331 -0.10978
      vertex 5.50363 1.99790 -0.14683
    endloop
  endfacet
  facet normal -0.39125 0.71475 0.57970
    outer loop
      vertex 5.50363 1.99790 -0.14683
      vertex 4.43577 1.38331 -0.10978
      vertex 4.55817 1.10437 0.31674
    endloop
  endfacet
  facet normal -0.39694 0.71718 0.57279
    outer loop
      vertex 5.50363 1.99790 -0.14683
      vertex 4.55817 1.10437 0.31674
      vertex 5.71576 1.75282 0.30704
    endloop
  endfacet
  facet normal -0.16860 0.79743 -0.57938
    outer loop
      vertex 4.55817 1.10437 0.31674
      vertex 3.33673 0.84849 0.32000
      vertex 3.30491 1.13179 0.71919
    endloop
  endfacet
  facet normal -0.16634 0.80272 -0.57269
    outer loop
      vertex 4.55817 1.10437 0.31674
      vertex 3.30491 1.13179 0.71919
      vertex 4.43577 1.38331 0.74327
    endloop
  endfacet
  facet normal -0.03080 0.23160 -0.97232
    outer loop
      vertex 4.43577 1.38331 0.74327
      vertex 3.30491 1.13179 0.71919
      vertex 3.22809 1.81574 0.88453
    endloop
  endfacet
  facet normal -0.02649 0.24279 -0.96972
    outer loop
      vertex 4.43577 1.38331 0.74327
      vertex 3.22809 1.81574 0.88453
      vertex 4.14026 2.05671 0.91994
    endloop
  endfacet
  facet normal 0.09672 -0.22361 -0.96987
    outer loop
      vertex 4.14026 2.05671 0.91994
      vertex 3.22809 1.81574 0.88453
      vertex 3.15127 2.49969 0.71919
    endloop
  endfacet
  facet normal 0.10344 -0.20969 -0.97228
    outer loop
      vertex 4.14026 2.05671 0.91994
      vertex 3.15127 2.49969 0.71919
      vertex 3.84475 2.73012 0.74327
    endloop
  endfacet
  facet normal 0.27671 -0.77311 -0.57073
    outer loop
      vertex 3.84475 2.73012 0.74327
      vertex 3.15127 2.49969 0.71919
      vertex 3.11945 2.78299 0.32000
    endloop
  endfacet
  facet normal 0.28312 -0.76344 -0.58051
    outer loop
      vertex 3.84475 2.73012 0.74327
      vertex 3.11945 2.78299 0.32000
      vertex 3.72234 3.00905 0.31674
    endloop
  endfacet
  facet normal 0.29141 -0.76899 0.56898
    outer loop
      vertex 3.72234 3.00905 0.31674
      vertex 3.11945 2.78299 0.32000
      vertex 3.15127 2.49969 -0.07919
    endloop
  endfacet
  facet normal 0.27973 -0.76477 0.58041
    outer loop
      vertex 3.72234 3.00905 0.31674
      vertex 3.15127 2.49969 -0.07919
      vertex 3.84475 2.73012 -0.10978
    endloop
  endfacet
  facet normal 0.11617 -0.22105 0.96832
    outer loop
      vertex 3.84475 2.73012 -0.10978
      vertex 3.15127 2.49969 -0.07919
      vertex 3.22809 1.81574 -0.24453
    endloop
  endfacet
  facet normal 0.10043 -0.21102 0.97231
    outer loop
      vertex 3.84475 2.73012 -0.10978
      vertex 3.22809 1.81574 -0.24453
      vertex 4.14026 2.05671 -0.28646
    endloop
  endfacet
  facet normal -0.01691 0.23316 0.97229
    outer loop
      vertex 4.14026 2.05671 -0.28646
      vertex 3.22809 1.81574 -0.24453
      vertex 3.30491 1.13179 -0.07919
    endloop
  endfacet
  facet normal -0.02765 0.24230 0.96981
    outer loop
      vertex 4.14026 2.05671 -0.28646
      vertex 3.30491 1.13179 -0.07919
      vertex 4.43577 1.38331 -0.10978
    endloop
  endfacet
  facet normal -0.16193 0.79860 0.57967
    outer loop
      vertex 4.43577 1.38331 -0.10978
      vertex 3.30491 1.13179 -0.07919
      vertex 3.33673 0.84849 0.32000
    endloop
  endfacet
  facet normal -0.16662 0.80264 0.57272
    outer loop
      vertex 4.43577 1.38331 -0.10978
      vertex 3.33673 0.84849 0.32000
      vertex 4.55817 1.10437 0.31674
    endloop
  endfacet
  facet normal 0.08292 0.81066 -0.57961
    outer loop
      vertex 3.33673 0.84849 0.32000
      vertex 2.17313 0.96518 0.31674
      vertex 2.22380 1.22586 0.68859
    endloop
  endfacet
  facet normal 0.08716 0.81566 -0.57193
    outer loop
      vertex 3.33673 0.84849 0.32000
      vertex 2.22380 1.22586 0.68859
      vertex 3.30491 1.13179 0.71919
    endloop
  endfacet
  facet normal 0.04742 0.22875 -0.97233
    outer loop
      vertex 3.30491 1.13179 0.71919
      vertex 2.22380 1.22586 0.68859
      vertex 2.34610 1.85520 0.84261
    endloop
  endfacet
  facet normal 0.05682 0.24063 -0.96895
    outer loop
      vertex 3.30491 1.13179 0.71919
      vertex 2.34610 1.85520 0.84261
      vertex 3.22809 1.81574 0.88453
    endloop
  endfacet
  facet normal 0.03515 -0.24402 -0.96913
    outer loop
      vertex 3.22809 1.81574 0.88453
      vertex 2.34610 1.85520 0.84261
      vertex 2.46841 2.48454 0.68859
    endloop
  endfacet
  facet normal 0.04865 -0.22954 -0.97208
    outer loop
      vertex 3.22809 1.81574 0.88453
      vertex 2.46841 2.48454 0.68859
      vertex 3.15127 2.49969 0.71919
    endloop
  endfacet
  facet normal 0.04373 -0.82084 -0.56949
    outer loop
      vertex 3.15127 2.49969 0.71919
      vertex 2.46841 2.48454 0.68859
      vertex 2.51907 2.74521 0.31674
    endloop
  endfacet
  facet normal 0.05426 -0.81225 -0.58078
    outer loop
      vertex 3.15127 2.49969 0.71919
      vertex 2.51907 2.74521 0.31674
      vertex 3.11945 2.78299 0.32000
    endloop
  endfacet
  facet normal 0.04857 -0.82096 0.56891
    outer loop
      vertex 3.11945 2.78299 0.32000
      vertex 2.51907 2.74521 0.31674
      vertex 2.46841 2.48454 -0.05510
    endloop
  endfacet
  facet normal 0.03852 -0.81344 0.58037
    outer loop
      vertex 3.11945 2.78299 0.32000
      vertex 2.46841 2.48454 -0.05510
      vertex 3.15127 2.49969 -0.07919
    endloop
  endfacet
  facet normal 0.03960 -0.24479 0.96877
    outer loop
      vertex 3.15127 2.49969 -0.07919
      vertex 2.46841 2.48454 -0.05510
      vertex 2.34610 1.85520 -0.20912
    endloop
  endfacet
  facet normal 0.02866 -0.23185 0.97233
    outer loop
      vertex 3.15127 2.49969 -0.07919
      vertex 2.34610 1.85520 -0.20912
      vertex 3.22809 1.81574 -0.24453
    endloop
  endfacet
  facet normal 0.04925 0.22839 0.97232
    outer loop
      vertex 3.22809 1.81574 -0.24453
      vertex 2.34610 1.85520 -0.20912
      vertex 2.22380 1.22586 -0.05510
    endloop
  endfacet
  facet normal 0.04243 0.23927 0.97002
    outer loop
      vertex 3.22809 1.81574 -0.24453
      vertex 2.22380 1.22586 -0.05510
      vertex 3.30491 1.13179 -0.07919
    endloop
  endfacet
  facet normal 0.08345 0.81059 0.57963
    outer loop
      vertex 3.30491 1.13179 -0.07919
      vertex 2.22380 1.22586 -0.05510
      vertex 2.17313 0.96518 0.31674
    endloop
  endfacet
  facet normal 0.08022 0.81588 0.57263
    outer loop
      vertex 3.30491 1.13179 -0.07919
      vertex 2.17313 0.96518 0.31674
      vertex 3.33673 0.84849 0.32000
    endloop
  endfacet
  facet normal 0.32894 0.74537 -0.57985
    outer loop
      vertex 2.17313 0.96518 0.31674
      vertex 1.17196 1.39947 0.30704
      vertex 1.28955 1.61557 0.65154
    endloop
  endfacet
  facet normal 0.33524 0.74937 -0.57102
    outer loop
      vertex 2.17313 0.96518 0.31674
      vertex 1.28955 1.61557 0.65154
      vertex 2.22380 1.22586 0.68859
    endloop
  endfacet
  facet normal 0.12183 0.19963 -0.97227
    outer loop
      vertex 2.22380 1.22586 0.68859
      vertex 1.28955 1.61557 0.65154
      vertex 1.57345 2.13730 0.79424
    endloop
  endfacet
  facet normal 0.13735 0.21021 -0.96796
    outer loop
      vertex 2.22380 1.22586 0.68859
      vertex 1.57345 2.13730 0.79424
      vertex 2.34610 1.85520 0.84261
    endloop
  endfacet
  facet normal -0.03009 -0.24843 -0.96818
    outer loop
      vertex 2.34610 1.85520 0.84261
      vertex 1.57345 2.13730 0.79424
      vertex 1.85735 2.65903 0.65154
    endloop
  endfacet
  facet normal -0.00853 -0.23615 -0.97168
    outer loop
      vertex 2.34610 1.85520 0.84261
      vertex 1.85735 2.65903 0.65154
      vertex 2.46841 2.48454 0.68859
    endloop
  endfacet
  facet normal -0.19398 -0.79986 -0.56797
    outer loop
      vertex 2.46841 2.48454 0.68859
      vertex 1.85735 2.65903 0.65154
      vertex 1.97494 2.87514 0.30704
    endloop
  endfacet
  facet normal -0.17921 -0.79393 -0.58100
    outer loop
      vertex 2.46841 2.48454 0.68859
      vertex 1.97494 2.87514 0.30704
      vertex 2.51907 2.74521 0.31674
    endloop
  endfacet
  facet normal -0.20060 -0.79762 0.56882
    outer loop
      vertex 2.51907 2.74521 0.31674
      vertex 1.97494 2.87514 0.30704
      vertex 1.85735 2.65903 -0.03746
    endloop
  endfacet
  facet normal -0.20809 -0.78735 0.58032
    outer loop
      vertex 2.51907 2.74521 0.31674
      vertex 1.85735 2.65903 -0.03746
      vertex 2.46841 2.48454 -0.05510
    endloop
  endfacet
  facet normal -0.04131 -0.24262 0.96924
    outer loop
      vertex 2.46841 2.48454 -0.05510
      vertex 1.85735 2.65903 -0.03746
      vertex 1.57345 2.13730 -0.18016
    endloop
  endfacet
  facet normal -0.04710 -0.22881 0.97233
    outer loop
      vertex 2.46841 2.48454 -0.05510
      vertex 1.57345 2.13730 -0.18016
      vertex 2.34610 1.85520 -0.20912
    endloop
  endfacet
  facet normal 0.11141 0.20532 0.97233
    outer loop
      vertex 2.34610 1.85520 -0.20912
      vertex 1.57345 2.13730 -0.18016
      vertex 1.28955 1.61557 -0.03746
    endloop
  endfacet
  facet normal 0.10857 0.21636 0.97026
    outer loop
      vertex 2.34610 1.85520 -0.20912
      vertex 1.28955 1.61557 -0.03746
      vertex 2.22380 1.22586 -0.05510
    endloop
  endfacet
  facet normal 0.32303 0.74815 0.57958
    outer loop
      vertex 2.22380 1.22586 -0.05510
      vertex 1.28955 1.61557 -0.03746
      vertex 1.17196 1.39947 0.30704
    endloop
  endfacet
  facet normal 0.32159 0.75418 0.57253
    outer loop
      vertex 2.22380 1.22586 -0.05510
      vertex 1.17196 1.39947 0.30704
      vertex 2.17313 0.96518 0.31674
    endloop
  endfacet
  facet normal 0.54521 0.60517 -0.58010
    outer loop
      vertex 1.17196 1.39947 0.30704
      vertex 0.41127 2.06948 0.29108
      vertex 0.57500 2.22599 0.60824
    endloop
  endfacet
  facet normal 0.55341 0.60739 -0.56992
    outer loop
      vertex 1.17196 1.39947 0.30704
      vertex 0.57500 2.22599 0.60824
      vertex 1.28955 1.61557 0.65154
    endloop
  endfacet
  facet normal 0.18358 0.14594 -0.97211
    outer loop
      vertex 1.28955 1.61557 0.65154
      vertex 0.57500 2.22599 0.60824
      vertex 0.97029 2.60385 0.73962
    endloop
  endfacet
  facet normal 0.20554 0.15255 -0.96669
    outer loop
      vertex 1.28955 1.61557 0.65154
      vertex 0.97029 2.60385 0.73962
      vertex 1.57345 2.13730 0.79424
    endloop
  endfacet
  facet normal -0.09533 -0.23646 -0.96695
    outer loop
      vertex 1.57345 2.13730 0.79424
      vertex 0.97029 2.60385 0.73962
      vertex 1.36557 2.98170 0.60824
    endloop
  endfacet
  facet normal -0.06541 -0.22998 -0.97099
    outer loop
      vertex 1.57345 2.13730 0.79424
      vertex 1.36557 2.98170 0.60824
      vertex 1.85735 2.65903 0.65154
    endloop
  endfacet
  facet normal -0.41678 -0.71120 -0.56612
    outer loop
      vertex 1.85735 2.65903 0.65154
      vertex 1.36557 2.98170 0.60824
      vertex 1.52930 3.13821 0.29108
    endloop
  endfacet
  facet normal -0.39817 -0.70975 -0.58114
    outer loop
      vertex 1.85735 2.65903 0.65154
      vertex 1.52930 3.13821 0.29108
      vertex 1.97494 2.87514 0.30704
    endloop
  endfacet
  facet normal -0.43315 -0.69927 0.56868
    outer loop
      vertex 1.97494 2.87514 0.30704
      vertex 1.52930 3.13821 0.29108
      vertex 1.36557 2.98170 -0.02608
    endloop
  endfacet
  facet normal -0.43734 -0.68704 0.58027
    outer loop
      vertex 1.97494 2.87514 0.30704
      vertex 1.36557 2.98170 -0.02608
      vertex 1.85735 2.65903 -0.03746
    endloop
  endfacet
  facet normal -0.11786 -0.21386 0.96973
    outer loop
      vertex 1.85735 2.65903 -0.03746
      vertex 1.36557 2.98170 -0.02608
      vertex 0.97029 2.60385 -0.15745
    endloop
  endfacet
  facet normal -0.11900 -0.20118 0.97230
    outer loop
      vertex 1.85735 2.65903 -0.03746
      vertex 0.97029 2.60385 -0.15745
      vertex 1.57345 2.13730 -0.18016
    endloop
  endfacet
  facet normal 0.16477 0.16569 0.97232
    outer loop
      vertex 1.57345 2.13730 -0.18016
      vertex 0.97029 2.60385 -0.15745
      vertex 0.57500 2.22599 -0.02608
    endloop
  endfacet
  facet normal 0.16536 0.17546 0.97050
    outer loop
      vertex 1.57345 2.13730 -0.18016
      vertex 0.57500 2.22599 -0.02608
      vertex 1.28955 1.61557 -0.03746
    endloop
  endfacet
  facet normal 0.53466 0.61505 0.57953
    outer loop
      vertex 1.28955 1.61557 -0.03746
      vertex 0.57500 2.22599 -0.02608
      vertex 0.41127 2.06948 0.29108
    endloop
  endfacet
  facet normal 0.53519 0.62124 0.57239
    outer loop
      vertex 1.28955 1.61557 -0.03746
      vertex 0.41127 2.06948 0.29108
      vertex 1.17196 1.39947 0.30704
    endloop
  endfacet
  facet normal 0.70880 0.40100 -0.58034
    outer loop
      vertex 0.41127 2.06948 0.29108
      vertex -0.06347 2.87696 0.26920
      vertex 0.12297 2.96684 0.55902
    endloop
  endfacet
  facet normal 0.71848 0.40061 -0.56860
    outer loop
      vertex 0.41127 2.06948 0.29108
      vertex 0.12297 2.96684 0.55902
      vertex 0.57500 2.22599 0.60824
    endloop
  endfacet
  facet normal 0.22433 0.07231 -0.97183
    outer loop
      vertex 0.57500 2.22599 0.60824
      vertex 0.12297 2.96684 0.55902
      vertex 0.57309 3.18382 0.67907
    endloop
  endfacet
  facet normal 0.25204 0.07186 -0.96505
    outer loop
      vertex 0.57500 2.22599 0.60824
      vertex 0.57309 3.18382 0.67907
      vertex 0.97029 2.60385 0.73962
    endloop
  endfacet
  facet normal -0.15704 -0.20833 -0.96537
    outer loop
      vertex 0.97029 2.60385 0.73962
      vertex 0.57309 3.18382 0.67907
      vertex 1.02321 3.40081 0.55902
    endloop
  endfacet
  facet normal -0.11987 -0.21183 -0.96993
    outer loop
      vertex 0.97029 2.60385 0.73962
      vertex 1.02321 3.40081 0.55902
      vertex 1.36557 2.98170 0.60824
    endloop
  endfacet
  facet normal -0.60593 -0.56119 -0.56384
    outer loop
      vertex 1.36557 2.98170 0.60824
      vertex 1.02321 3.40081 0.55902
      vertex 1.20965 3.49069 0.26920
    endloop
  endfacet
  facet normal -0.58454 -0.56618 -0.58116
    outer loop
      vertex 1.36557 2.98170 0.60824
      vertex 1.20965 3.49069 0.26920
      vertex 1.52930 3.13821 0.29108
    endloop
  endfacet
  facet normal -0.62668 -0.53303 0.56846
    outer loop
      vertex 1.52930 3.13821 0.29108
      vertex 1.20965 3.49069 0.26920
      vertex 1.02321 3.40081 -0.02062
    endloop
  endfacet
  facet normal -0.62705 -0.51978 0.58021
    outer loop
      vertex 1.52930 3.13821 0.29108
      vertex 1.02321 3.40081 -0.02062
      vertex 1.36557 2.98170 -0.02608
    endloop
  endfacet
  facet normal -0.18128 -0.16072 0.97021
    outer loop
      vertex 1.36557 2.98170 -0.02608
      vertex 1.02321 3.40081 -0.02062
      vertex 0.57309 3.18382 -0.14067
    endloop
  endfacet
  facet normal -0.17902 -0.15074 0.97223
    outer loop
      vertex 1.36557 2.98170 -0.02608
      vertex 0.57309 3.18382 -0.14067
      vertex 0.97029 2.60385 -0.15745
    endloop
  endfacet
  facet normal 0.20514 0.11235 0.97226
    outer loop
      vertex 0.97029 2.60385 -0.15745
      vertex 0.57309 3.18382 -0.14067
      vertex 0.12297 2.96684 -0.02062
    endloop
  endfacet
  facet normal 0.20809 0.11982 0.97074
    outer loop
      vertex 0.97029 2.60385 -0.15745
      vertex 0.12297 2.96684 -0.02062
      vertex 0.57500 2.22599 -0.02608
    endloop
  endfacet
  facet normal 0.69761 0.42138 0.57946
    outer loop
      vertex 0.57500 2.22599 -0.02608
      vertex 0.12297 2.96684 -0.02062
      vertex -0.06347 2.87696 0.26920
    endloop
  endfacet
  facet normal 0.70011 0.42712 0.57220
    outer loop
      vertex 0.57500 2.22599 -0.02608
      vertex -0.06347 2.87696 0.26920
      vertex 0.41127 2.06948 0.29108
    endloop
  endfacet
  facet normal 0.80015 0.15067 -0.58057
    outer loop
      vertex -0.06347 2.87696 0.26920
      vertex -0.24184 3.71874 0.24184
      vertex -0.05598 3.74310 0.50432
    endloop
  endfacet
  facet normal 0.81053 0.14689 -0.56698
    outer loop
      vertex -0.06347 2.87696 0.26920
      vertex -0.05598 3.74310 0.50432
      vertex 0.12297 2.96684 0.55902
    endloop
  endfacet
  facet normal 0.23717 -0.01378 -0.97137
    outer loop
      vertex 0.12297 2.96684 0.55902
      vertex -0.05598 3.74310 0.50432
      vertex 0.39273 3.80193 0.61304
    endloop
  endfacet
  facet normal 0.26862 -0.02448 -0.96294
    outer loop
      vertex 0.12297 2.96684 0.55902
      vertex 0.39273 3.80193 0.61304
      vertex 0.57309 3.18382 0.67907
    endloop
  endfacet
  facet normal -0.21182 -0.16471 -0.96333
    outer loop
      vertex 0.57309 3.18382 0.67907
      vertex 0.39273 3.80193 0.61304
      vertex 0.84144 3.86076 0.50432
    endloop
  endfacet
  facet normal -0.17030 -0.18247 -0.96835
    outer loop
      vertex 0.57309 3.18382 0.67907
      vertex 0.84144 3.86076 0.50432
      vertex 1.02321 3.40081 0.55902
    endloop
  endfacet
  facet normal -0.74491 -0.36110 -0.56099
    outer loop
      vertex 1.02321 3.40081 0.55902
      vertex 0.84144 3.86076 0.50432
      vertex 1.02730 3.88513 0.24184
    endloop
  endfacet
  facet normal -0.72267 -0.37440 -0.58101
    outer loop
      vertex 1.02321 3.40081 0.55902
      vertex 1.02730 3.88513 0.24184
      vertex 1.20965 3.49069 0.26920
    endloop
  endfacet
  facet normal -0.76130 -0.31255 0.56810
    outer loop
      vertex 1.20965 3.49069 0.26920
      vertex 1.02730 3.88513 0.24184
      vertex 0.84144 3.86076 -0.02064
    endloop
  endfacet
  facet normal -0.75751 -0.29934 0.58015
    outer loop
      vertex 1.20965 3.49069 0.26920
      vertex 0.84144 3.86076 -0.02064
      vertex 1.02321 3.40081 -0.02062
    endloop
  endfacet
  facet normal -0.22361 -0.08833 0.97067
    outer loop
      vertex 1.02321 3.40081 -0.02062
      vertex 0.84144 3.86076 -0.02064
      vertex 0.39273 3.80193 -0.12936
    endloop
  endfacet
  facet normal -0.21978 -0.08191 0.97211
    outer loop
      vertex 1.02321 3.40081 -0.02062
      vertex 0.39273 3.80193 -0.12936
      vertex 0.57309 3.18382 -0.14067
    endloop
  endfacet
  facet normal 0.22912 0.04907 0.97216
    outer loop
      vertex 0.57309 3.18382 -0.14067
      vertex 0.39273 3.80193 -0.12936
      vertex -0.05598 3.74310 -0.02064
    endloop
  endfacet
  facet normal 0.23305 0.05375 0.97098
    outer loop
      vertex 0.57309 3.18382 -0.14067
      vertex -0.05598 3.74310 -0.02064
      vertex 0.12297 2.96684 -0.02062
    endloop
  endfacet
  facet normal 0.79422 0.18310 0.57939
    outer loop
      vertex 0.12297 2.96684 -0.02062
      vertex -0.05598 3.74310 -0.02064
      vertex -0.24184 3.71874 0.24184
    endloop
  endfacet
  facet normal 0.79852 0.18779 0.57193
    outer loop
      vertex 0.12297 2.96684 -0.02062
      vertex -0.24184 3.71874 0.24184
      vertex -0.06347 2.87696 0.26920
    endloop
  endfacet
  facet normal 0.80488 -0.12189 -0.58078
    outer loop
      vertex -0.24184 3.71874 0.24184
      vertex -0.14710 4.49822 0.20956
      vertex 0.01764 4.46565 0.44469
    endloop
  endfacet
  facet normal 0.81486 -0.12965 -0.56497
    outer loop
      vertex -0.24184 3.71874 0.24184
      vertex 0.01764 4.46565 0.44469
      vertex -0.05598 3.74310 0.50432
    endloop
  endfacet
  facet normal 0.21750 -0.10226 -0.97069
    outer loop
      vertex -0.05598 3.74310 0.50432
      vertex 0.01764 4.46565 0.44469
      vertex 0.41535 4.38700 0.54209
    endloop
  endfacet
  facet normal 0.24919 -0.12608 -0.96021
    outer loop
      vertex -0.05598 3.74310 0.50432
      vertex 0.41535 4.38700 0.54209
      vertex 0.39273 3.80193 0.61304
    endloop
  endfacet
  facet normal -0.25635 -0.10659 -0.96069
    outer loop
      vertex 0.39273 3.80193 0.61304
      vertex 0.41535 4.38700 0.54209
      vertex 0.81305 4.30836 0.44469
    endloop
  endfacet
  facet normal -0.21542 -0.14236 -0.96609
    outer loop
      vertex 0.39273 3.80193 0.61304
      vertex 0.81305 4.30836 0.44469
      vertex 0.84144 3.86076 0.50432
    endloop
  endfacet
  facet normal -0.82058 -0.12629 -0.55740
    outer loop
      vertex 0.84144 3.86076 0.50432
      vertex 0.81305 4.30836 0.44469
      vertex 0.97779 4.27578 0.20956
    endloop
  endfacet
  facet normal -0.80036 -0.14942 -0.58061
    outer loop
      vertex 0.84144 3.86076 0.50432
      vertex 0.97779 4.27578 0.20956
      vertex 1.02730 3.88513 0.24184
    endloop
  endfacet
  facet normal -0.82137 -0.05720 0.56752
    outer loop
      vertex 1.02730 3.88513 0.24184
      vertex 0.97779 4.27578 0.20956
      vertex 0.81305 4.30836 -0.02558
    endloop
  endfacet
  facet normal -0.81330 -0.04517 0.58009
    outer loop
      vertex 1.02730 3.88513 0.24184
      vertex 0.81305 4.30836 -0.02558
      vertex 0.84144 3.86076 -0.02064
    endloop
  endfacet
  facet normal -0.23869 -0.00441 0.97109
    outer loop
      vertex 0.84144 3.86076 -0.02064
      vertex 0.81305 4.30836 -0.02558
      vertex 0.41535 4.38700 -0.12298
    endloop
  endfacet
  facet normal -0.23530 -0.00151 0.97192
    outer loop
      vertex 0.84144 3.86076 -0.02064
      vertex 0.41535 4.38700 -0.12298
      vertex 0.39273 3.80193 -0.12936
    endloop
  endfacet
  facet normal 0.23415 -0.01965 0.97200
    outer loop
      vertex 0.39273 3.80193 -0.12936
      vertex 0.41535 4.38700 -0.12298
      vertex 0.01764 4.46565 -0.02558
    endloop
  endfacet
  facet normal 0.23762 -0.01757 0.97120
    outer loop
      vertex 0.39273 3.80193 -0.12936
      vertex 0.01764 4.46565 -0.02558
      vertex -0.05598 3.74310 -0.02064
    endloop
  endfacet
  facet normal 0.81131 -0.07870 0.57930
    outer loop
      vertex -0.05598 3.74310 -0.02064
      vertex 0.01764 4.46565 -0.02558
      vertex -0.14710 4.49822 0.20956
    endloop
  endfacet
  facet normal 0.81707 -0.07564 0.57155
    outer loop
      vertex -0.05598 3.74310 -0.02064
      vertex -0.14710 4.49822 0.20956
      vertex -0.24184 3.71874 0.24184
    endloop
  endfacet
  facet normal 0.71561 -0.38780 -0.58096
    outer loop
      vertex -0.14710 4.49822 0.20956
      vertex 0.16861 5.13554 0.17301
      vertex 0.29666 5.06055 0.38080
    endloop
  endfacet
  facet normal 0.72373 -0.39985 -0.56244
    outer loop
      vertex -0.14710 4.49822 0.20956
      vertex 0.29666 5.06055 0.38080
      vertex 0.01764 4.46565 0.44469
    endloop
  endfacet
  facet normal 0.16395 -0.18104 -0.96971
    outer loop
      vertex 0.01764 4.46565 0.44469
      vertex 0.29666 5.06055 0.38080
      vertex 0.60582 4.87950 0.46687
    endloop
  endfacet
  facet normal 0.19080 -0.21990 -0.95668
    outer loop
      vertex 0.01764 4.46565 0.44469
      vertex 0.60582 4.87950 0.46687
      vertex 0.41535 4.38700 0.54209
    endloop
  endfacet
  facet normal -0.28710 -0.03516 -0.95725
    outer loop
      vertex 0.41535 4.38700 0.54209
      vertex 0.60582 4.87950 0.46687
      vertex 0.91497 4.69844 0.38080
    endloop
  endfacet
  facet normal -0.25388 -0.09138 -0.96291
    outer loop
      vertex 0.41535 4.38700 0.54209
      vertex 0.91497 4.69844 0.38080
      vertex 0.81305 4.30836 0.44469
    endloop
  endfacet
  facet normal -0.82394 0.12473 -0.55278
    outer loop
      vertex 0.81305 4.30836 0.44469
      vertex 0.91497 4.69844 0.38080
      vertex 1.04302 4.62345 0.17301
    endloop
  endfacet
  facet normal -0.80964 0.09096 -0.57983
    outer loop
      vertex 0.81305 4.30836 0.44469
      vertex 1.04302 4.62345 0.17301
      vertex 0.97779 4.27578 0.20956
    endloop
  endfacet
  facet normal -0.79700 0.20911 0.56663
    outer loop
      vertex 0.97779 4.27578 0.20956
      vertex 1.04302 4.62345 0.17301
      vertex 0.91497 4.69844 -0.03479
    endloop
  endfacet
  facet normal -0.78468 0.21870 0.58004
    outer loop
      vertex 0.97779 4.27578 0.20956
      vertex 0.91497 4.69844 -0.03479
      vertex 0.81305 4.30836 -0.02558
    endloop
  endfacet
  facet normal -0.22292 0.08118 0.97145
    outer loop
      vertex 0.81305 4.30836 -0.02558
      vertex 0.91497 4.69844 -0.03479
      vertex 0.60582 4.87950 -0.12086
    endloop
  endfacet
  facet normal -0.22182 0.08161 0.97167
    outer loop
      vertex 0.81305 4.30836 -0.02558
      vertex 0.60582 4.87950 -0.12086
      vertex 0.41535 4.38700 -0.12298
    endloop
  endfacet
  facet normal 0.21860 -0.08872 0.97177
    outer loop
      vertex 0.41535 4.38700 -0.12298
      vertex 0.60582 4.87950 -0.12086
      vertex 0.29666 5.06055 -0.03479
    endloop
  endfacet
  facet normal 0.22042 -0.08835 0.97140
    outer loop
      vertex 0.41535 4.38700 -0.12298
      vertex 0.29666 5.06055 -0.03479
      vertex 0.01764 4.46565 -0.02558
    endloop
  endfacet
  facet normal 0.74145 -0.33879 0.57920
    outer loop
      vertex 0.01764 4.46565 -0.02558
      vertex 0.29666 5.06055 -0.03479
      vertex 0.16861 5.13554 0.17301
    endloop
  endfacet
  facet normal 0.74820 -0.33788 0.57099
    outer loop
      vertex 0.01764 4.46565 -0.02558
      vertex 0.16861 5.13554 0.17301
      vertex -0.14710 4.49822 0.20956
    endloop
  endfacet
  facet normal 0.53346 -0.61462 -0.58109
    outer loop
      vertex 0.16861 5.13554 0.17301
      vertex 0.63183 5.57549 0.13293
      vertex 0.71428 5.47644 0.31339
    endloop
  endfacet
  facet normal 0.53795 -0.63082 -0.55918
    outer loop
      vertex 0.16861 5.13554 0.17301
      vertex 0.71428 5.47644 0.31339
      vertex 0.29666 5.06055 0.38080
    endloop
  endfacet
  facet normal 0.07935 -0.23664 -0.96835
    outer loop
      vertex 0.29666 5.06055 0.38080
      vertex 0.71428 5.47644 0.31339
      vertex 0.91334 5.23733 0.38813
    endloop
  endfacet
  facet normal 0.09471 -0.29089 -0.95206
    outer loop
      vertex 0.29666 5.06055 0.38080
      vertex 0.91334 5.23733 0.38813
      vertex 0.60582 4.87950 0.46687
    endloop
  endfacet
  facet normal -0.29994 0.04813 -0.95274
    outer loop
      vertex 0.60582 4.87950 0.46687
      vertex 0.91334 5.23733 0.38813
      vertex 1.11240 4.99821 0.31339
    endloop
  endfacet
  facet normal -0.28368 -0.02872 -0.95849
    outer loop
      vertex 0.60582 4.87950 0.46687
      vertex 1.11240 4.99821 0.31339
      vertex 0.91497 4.69844 0.38080
    endloop
  endfacet
  facet normal -0.75048 0.37132 -0.54671
    outer loop
      vertex 0.91497 4.69844 0.38080
      vertex 1.11240 4.99821 0.31339
      vertex 1.19485 4.89917 0.13293
    endloop
  endfacet
  facet normal -0.74710 0.32731 -0.57854
    outer loop
      vertex 0.91497 4.69844 0.38080
      vertex 1.19485 4.89917 0.13293
      vertex 1.04302 4.62345 0.17301
    endloop
  endfacet
  facet normal -0.68516 0.45943 0.56523
    outer loop
      vertex 1.04302 4.62345 0.17301
      vertex 1.19485 4.89917 0.13293
      vertex 1.11240 4.99821 -0.04752
    endloop
  endfacet
  facet normal -0.66879 0.46509 0.58000
    outer loop
      vertex 1.04302 4.62345 0.17301
      vertex 1.11240 4.99821 -0.04752
      vertex 0.91497 4.69844 -0.03479
    endloop
  endfacet
  facet normal -0.17604 0.15721 0.97175
    outer loop
      vertex 0.91497 4.69844 -0.03479
      vertex 1.11240 4.99821 -0.04752
      vertex 0.91334 5.23733 -0.12227
    endloop
  endfacet
  facet normal -0.17840 0.15714 0.97133
    outer loop
      vertex 0.91497 4.69844 -0.03479
      vertex 0.91334 5.23733 -0.12227
      vertex 0.60582 4.87950 -0.12086
    endloop
  endfacet
  facet normal 0.18175 -0.15238 0.97147
    outer loop
      vertex 0.60582 4.87950 -0.12086
      vertex 0.91334 5.23733 -0.12227
      vertex 0.71428 5.47644 -0.04752
    endloop
  endfacet
  facet normal 0.18130 -0.15231 0.97156
    outer loop
      vertex 0.60582 4.87950 -0.12086
      vertex 0.71428 5.47644 -0.04752
      vertex 0.29666 5.06055 -0.03479
    endloop
  endfacet
  facet normal 0.58409 -0.56879 0.57907
    outer loop
      vertex 0.29666 5.06055 -0.03479
      vertex 0.71428 5.47644 -0.04752
      vertex 0.63183 5.57549 0.13293
    endloop
  endfacet
  facet normal 0.59114 -0.57048 0.57018
    outer loop
      vertex 0.29666 5.06055 -0.03479
      vertex 0.63183 5.57549 0.13293
      vertex 0.16861 5.13554 0.17301
    endloop
  endfacet
  facet normal 0.26988 -0.76773 -0.58116
    outer loop
      vertex 0.63183 5.57549 0.13293
      vertex 1.15729 5.79258 0.09015
      vertex 1.19278 5.68916 0.24327
    endloop
  endfacet
  facet normal 0.26869 -0.78733 -0.55491
    outer loop
      vertex 0.63183 5.57549 0.13293
      vertex 1.19278 5.68916 0.24327
      vertex 0.71428 5.47644 0.31339
    endloop
  endfacet
  facet normal -0.02820 -0.25516 -0.96649
    outer loop
      vertex 0.71428 5.47644 0.31339
      vertex 1.19278 5.68916 0.24327
      vertex 1.27847 5.43947 0.30669
    endloop
  endfacet
  facet normal -0.03238 -0.32266 -0.94596
    outer loop
      vertex 0.71428 5.47644 0.31339
      vertex 1.27847 5.43947 0.30669
      vertex 0.91334 5.23733 0.38813
    endloop
  endfacet
  facet normal -0.28934 0.14118 -0.94676
    outer loop
      vertex 0.91334 5.23733 0.38813
      vertex 1.27847 5.43947 0.30669
      vertex 1.36416 5.18977 0.24327
    endloop
  endfacet
  facet normal -0.30109 0.04708 -0.95243
    outer loop
      vertex 0.91334 5.23733 0.38813
      vertex 1.36416 5.18977 0.24327
      vertex 1.11240 4.99821 0.31339
    endloop
  endfacet
  facet normal -0.60005 0.59146 -0.53863
    outer loop
      vertex 1.11240 4.99821 0.31339
      vertex 1.36416 5.18977 0.24327
      vertex 1.39965 5.08635 0.09015
    endloop
  endfacet
  facet normal -0.61358 0.53959 -0.57651
    outer loop
      vertex 1.11240 4.99821 0.31339
      vertex 1.39965 5.08635 0.09015
      vertex 1.19485 4.89917 0.13293
    endloop
  endfacet
  facet normal -0.49038 0.66523 0.56303
    outer loop
      vertex 1.19485 4.89917 0.13293
      vertex 1.39965 5.08635 0.09015
      vertex 1.36416 5.18977 -0.06296
    endloop
  endfacet
  facet normal -0.47046 0.66505 0.57998
    outer loop
      vertex 1.19485 4.89917 0.13293
      vertex 1.36416 5.18977 -0.06296
      vertex 1.11240 4.99821 -0.04752
    endloop
  endfacet
  facet normal -0.10169 0.21198 0.97197
    outer loop
      vertex 1.11240 4.99821 -0.04752
      vertex 1.36416 5.18977 -0.06296
      vertex 1.27847 5.43947 -0.12638
    endloop
  endfacet
  facet normal -0.10753 0.21398 0.97090
    outer loop
      vertex 1.11240 4.99821 -0.04752
      vertex 1.27847 5.43947 -0.12638
      vertex 0.91334 5.23733 -0.12227
    endloop
  endfacet
  facet normal 0.12394 -0.20412 0.97107
    outer loop
      vertex 0.91334 5.23733 -0.12227
      vertex 1.27847 5.43947 -0.12638
      vertex 1.19278 5.68916 -0.06296
    endloop
  endfacet
  facet normal 0.12144 -0.20265 0.97169
    outer loop
      vertex 0.91334 5.23733 -0.12227
      vertex 1.19278 5.68916 -0.06296
      vertex 0.71428 5.47644 -0.04752
    endloop
  endfacet
  facet normal 0.34675 -0.73800 0.57889
    outer loop
      vertex 0.71428 5.47644 -0.04752
      vertex 1.19278 5.68916 -0.06296
      vertex 1.15729 5.79258 0.09015
    endloop
  endfacet
  facet normal 0.35316 -0.74266 0.56898
    outer loop
      vertex 0.71428 5.47644 -0.04752
      vertex 1.15729 5.79258 0.09015
      vertex 0.63183 5.57549 0.13293
    endloop
  endfacet
  facet normal -0.05086 -0.81219 -0.58116
    outer loop
      vertex 1.15729 5.79258 0.09015
      vertex 1.65820 5.79314 0.04554
      vertex 1.65309 5.70346 0.17131
    endloop
  endfacet
  facet normal -0.05994 -0.83356 -0.54917
    outer loop
      vertex 1.15729 5.79258 0.09015
      vertex 1.65309 5.70346 0.17131
      vertex 1.19278 5.68916 0.24327
    endloop
  endfacet
  facet normal -0.14373 -0.22379 -0.96398
    outer loop
      vertex 1.19278 5.68916 0.24327
      vertex 1.65309 5.70346 0.17131
      vertex 1.64078 5.48697 0.22341
    endloop
  endfacet
  facet normal -0.17641 -0.29876 -0.93788
    outer loop
      vertex 1.19278 5.68916 0.24327
      vertex 1.64078 5.48697 0.22341
      vertex 1.27847 5.43947 0.30669
    endloop
  endfacet
  facet normal -0.24725 0.23997 -0.93877
    outer loop
      vertex 1.27847 5.43947 0.30669
      vertex 1.64078 5.48697 0.22341
      vertex 1.62846 5.27047 0.17131
    endloop
  endfacet
  facet normal -0.29900 0.13725 -0.94433
    outer loop
      vertex 1.27847 5.43947 0.30669
      vertex 1.62846 5.27047 0.17131
      vertex 1.36416 5.18977 0.24327
    endloop
  endfacet
  facet normal -0.37620 0.76156 -0.52773
    outer loop
      vertex 1.36416 5.18977 0.24327
      vertex 1.62846 5.27047 0.17131
      vertex 1.62335 5.18080 0.04554
    endloop
  endfacet
  facet normal -0.41305 0.70738 -0.57358
    outer loop
      vertex 1.36416 5.18977 0.24327
      vertex 1.62335 5.18080 0.04554
      vertex 1.39965 5.08635 0.09015
    endloop
  endfacet
  facet normal -0.22516 0.79761 0.55957
    outer loop
      vertex 1.39965 5.08635 0.09015
      vertex 1.62335 5.18080 0.04554
      vertex 1.62846 5.27047 -0.08023
    endloop
  endfacet
  facet normal -0.20299 0.78894 0.57998
    outer loop
      vertex 1.39965 5.08635 0.09015
      vertex 1.62846 5.27047 -0.08023
      vertex 1.36416 5.18977 -0.06296
    endloop
  endfacet
  facet normal -0.00803 0.23438 0.97211
    outer loop
      vertex 1.36416 5.18977 -0.06296
      vertex 1.62846 5.27047 -0.08023
      vertex 1.64078 5.48697 -0.13233
    endloop
  endfacet
  facet normal -0.01568 0.24109 0.97038
    outer loop
      vertex 1.36416 5.18977 -0.06296
      vertex 1.64078 5.48697 -0.13233
      vertex 1.27847 5.43947 -0.12638
    endloop
  endfacet
  facet normal 0.04690 -0.23622 0.97057
    outer loop
      vertex 1.27847 5.43947 -0.12638
      vertex 1.64078 5.48697 -0.13233
      vertex 1.65309 5.70346 -0.08023
    endloop
  endfacet
  facet normal 0.04367 -0.23184 0.97177
    outer loop
      vertex 1.27847 5.43947 -0.12638
      vertex 1.65309 5.70346 -0.08023
      vertex 1.19278 5.68916 -0.06296
    endloop
  endfacet
  facet normal 0.04702 -0.81423 0.57864
    outer loop
      vertex 1.19278 5.68916 -0.06296
      vertex 1.65309 5.70346 -0.08023
      vertex 1.65820 5.79314 0.04554
    endloop
  endfacet
  facet normal 0.05143 -0.82199 0.56717
    outer loop
      vertex 1.19278 5.68916 -0.06296
      vertex 1.65820 5.79314 0.04554
      vertex 1.15729 5.79258 0.09015
    endloop
  endfacet
  facet normal -0.40012 -0.71735 -0.57036
    outer loop
      vertex 1.65820 5.79314 0.04554
      vertex 2.01097 5.63259 0.00000
      vertex 1.99202 5.56489 0.09843
    endloop
  endfacet
  facet normal -0.41546 -0.73258 -0.53919
    outer loop
      vertex 1.65820 5.79314 0.04554
      vertex 1.99202 5.56489 0.09843
      vertex 1.65309 5.70346 0.17131
    endloop
  endfacet
  facet normal -0.27005 -0.16124 -0.94925
    outer loop
      vertex 1.65309 5.70346 0.17131
      vertex 1.99202 5.56489 0.09843
      vertex 1.94628 5.40147 0.13920
    endloop
  endfacet
  facet normal -0.31305 -0.20532 -0.92728
    outer loop
      vertex 1.65309 5.70346 0.17131
      vertex 1.94628 5.40147 0.13920
      vertex 1.64078 5.48697 0.22341
    endloop
  endfacet
  facet normal -0.17969 0.28517 -0.94148
    outer loop
      vertex 1.64078 5.48697 0.22341
      vertex 1.94628 5.40147 0.13920
      vertex 1.90055 5.23804 0.09843
    endloop
  endfacet
  facet normal -0.22438 0.24004 -0.94448
    outer loop
      vertex 1.64078 5.48697 0.22341
      vertex 1.90055 5.23804 0.09843
      vertex 1.62846 5.27047 0.17131
    endloop
  endfacet
  facet normal -0.05116 0.82744 -0.55921
    outer loop
      vertex 1.62846 5.27047 0.17131
      vertex 1.90055 5.23804 0.09843
      vertex 1.88160 5.17035 0.00000
    endloop
  endfacet
  facet normal -0.06889 0.81361 -0.57732
    outer loop
      vertex 1.62846 5.27047 0.17131
      vertex 1.88160 5.17035 0.00000
      vertex 1.62335 5.18080 0.04554
    endloop
  endfacet
  facet normal 0.13464 0.80416 0.57896
    outer loop
      vertex 1.62335 5.18080 0.04554
      vertex 1.88160 5.17035 0.00000
      vertex 1.90055 5.23804 -0.09843
    endloop
  endfacet
  facet normal 0.13458 0.80423 0.57888
    outer loop
      vertex 1.62335 5.18080 0.04554
      vertex 1.90055 5.23804 -0.09843
      vertex 1.62846 5.27047 -0.08023
    endloop
  endfacet
  facet normal 0.09088 0.21704 0.97192
    outer loop
      vertex 1.62846 5.27047 -0.08023
      vertex 1.90055 5.23804 -0.09843
      vertex 1.94628 5.40147 -0.13920
    endloop
  endfacet
  facet normal 0.08576 0.22848 0.96976
    outer loop
      vertex 1.62846 5.27047 -0.08023
      vertex 1.94628 5.40147 -0.13920
      vertex 1.64078 5.48697 -0.13233
    endloop
  endfacet
  facet normal -0.04266 -0.23058 0.97212
    outer loop
      vertex 1.64078 5.48697 -0.13233
      vertex 1.94628 5.40147 -0.13920
      vertex 1.99202 5.56489 -0.09843
    endloop
  endfacet
  facet normal -0.04244 -0.23146 0.97192
    outer loop
      vertex 1.64078 5.48697 -0.13233
      vertex 1.99202 5.56489 -0.09843
      vertex 1.65309 5.70346 -0.08023
    endloop
  endfacet
  facet normal -0.28143 -0.76450 0.57994
    outer loop
      vertex 1.65309 5.70346 -0.08023
      vertex 1.99202 5.56489 -0.09843
      vertex 2.01097 5.63259 0.00000
    endloop
  endfacet
  facet normal -0.28034 -0.77616 0.56478
    outer loop
      vertex 1.65309 5.70346 -0.08023
      vertex 2.01097 5.63259 0.00000
      vertex 1.65820 5.79314 0.04554
    endloop
  endfacet
  facet normal -0.97547 -0.22012 -0.00000
    outer loop
      vertex -10.72000 -3.26400 0.00000
      vertex -11.07861 -1.67478 0.94492
      vertex -11.22715 -1.01651 0.00000
    endloop
  endfacet
  facet normal 0.96300 -0.26951 0.00000
    outer loop
      vertex 1.94628 5.40147 0.00000
      vertex 2.01097 5.63259 0.00000
      vertex 1.99202 5.56489 0.09843
    endloop
  endfacet
  facet normal -0.97547 -0.22012 0.00000
    outer loop
      vertex -10.72000 -3.26400 0.00000
      vertex -10.72000 -3.26400 1.33632
      vertex -11.07861 -1.67478 0.94492
    endloop
  endfacet
  facet normal 0.96300 -0.26951 0.00000
    outer loop
      vertex 1.94628 5.40147 0.00000
      vertex 1.99202 5.56489 0.09843
      vertex 1.94628 5.40147 0.13920
    endloop
  endfacet
  facet normal -0.97547 -0.22012 0.00000
    outer loop
      vertex -10.72000 -3.26400 0.00000
      vertex -10.36139 -4.85322 0.94492
      vertex -10.72000 -3.26400 1.33632
    endloop
  endfacet
  facet normal 0.96300 -0.26951 0.00000
    outer loop
      vertex 1.94628 5.40147 0.00000
      vertex 1.94628 5.40147 0.13920
      vertex 1.90055 5.23804 0.09843
    endloop
  endfacet
  facet normal -0.97547 -0.22012 0.00000
    outer loop
      vertex -10.72000 -3.26400 0.00000
      vertex -10.21285 -5.51149 0.00000
      vertex -10.36139 -4.85322 0.94492
    endloop
  endfacet
  facet normal 0.96300 -0.26951 -0.00000
    outer loop
      vertex 1.94628 5.40147 0.00000
      vertex 1.90055 5.23804 0.09843
      vertex 1.88160 5.17035 0.00000
    endloop
  endfacet
  facet normal -0.97547 -0.22012 -0.00000
    outer loop
      vertex -10.72000 -3.26400 0.00000
      vertex -10.36139 -4.85322 -0.94492
      vertex -10.21285 -5.51149 0.00000
    endloop
  endfacet
  facet normal 0.96300 -0.26951 0.00000
    outer loop
      vertex 1.94628 5.40147 0.00000
      vertex 1.88160 5.17035 0.00000
      vertex 1.90055 5.23804 -0.09843
    endloop
  endfacet
  facet normal -0.97547 -0.22012 0.00000
    outer loop
      vertex -10.72000 -3.26400 0.00000
      vertex -10.72000 -3.26400 -1.33632
      vertex -10.36139 -4.85322 -0.94492
    endloop
  endfacet
  facet normal 0.96300 -0.26951 0.00000
    outer loop
      vertex 1.94628 5.40147 0.00000
      vertex 1.90055 5.23804 -0.09843
      vertex 1.94628 5.40147 -0.13920
    endloop
  endfacet
  facet normal -0.97547 -0.22012 0.00000
    outer loop
      vertex -10.72000 -3.26400 0.00000
      vertex -11.07861 -1.67478 -0.94492
      vertex -10.72000 -3.26400 -1.33632
    endloop
  endfacet
  facet normal 0.96300 -0.26951 0.00000
    outer loop
      vertex 1.94628 5.40147 0.00000
      vertex 1.94628 5.40147 -0.13920
      vertex 1.99202 5.56489 -0.09843
    endloop
  endfacet
  facet normal -0.97547 -0.22012 0.00000
    outer loop
      vertex -10.72000 -3.26400 0.00000
      vertex -11.22715 -1.01651 0.00000
      vertex -11.07861 -1.67478 -0.94492
    endloop
  endfacet
  facet normal 0.96300 -0.26951 -0.00000
    outer loop
      vertex 1.94628 5.40147 0.00000
      vertex 1.99202 5.56489 -0.09843
      vertex 2.01097 5.63259 0.00000
    endloop
  endfacet
  facet normal 0.00000 0.00000 1.00000
    outer loop
      vertex -13.12000 -5.05600 1.08800
      vertex 11.36000 -5.05600 1.08800
      vertex 9.76000 -3.77600 1.08800
    endloop
  endfacet
  facet normal 0.00000 0.00000 -1.00000
    outer loop
      vertex -13.12000 -5.05600 -1.08800
      vertex 9.76000 -3.77600 -1.08800
      vertex 11.36000 -5.05600 -1.08800
    endloop
  endfacet
  facet normal 0.00000 0.00000 1.00000
    outer loop
      vertex -13.12000 -5.05600 1.08800
      vertex 9.76000 -3.77600 1.08800
      vertex 5.28000 -3.26400 1.08800
    endloop
  endfacet
  facet normal 0.00000 0.00000 -1.00000
    outer loop
      vertex -13.12000 -5.05600 -1.08800
      vertex 5.28000 -3.26400 -1.08800
      vertex 9.76000 -3.77600 -1.08800
    endloop
  endfacet
  facet normal 0.00000 0.00000 1.00000
    outer loop
      vertex -13.12000 -5.05600 1.08800
      vertex 5.28000 -3.26400 1.08800
      vertex 0.48000 -3.61600 1.08800
    endloop
  endfacet
  facet normal 0.00000 0.00000 -1.00000
    outer loop
      vertex -13.12000 -5.05600 -1.08800
      vertex 0.48000 -3.61600 -1.08800
      vertex 5.28000 -3.26400 -1.08800
    endloop
  endfacet
  facet normal 0.00000 0.00000 1.00000
    outer loop
      vertex -13.12000 -5.05600 1.08800
      vertex 0.48000 -3.61600 1.08800
      vertex -4.96000 -3.16800 1.08800
    endloop
  endfacet
  facet normal 0.00000 0.00000 -1.00000
    outer loop
      vertex -13.12000 -5.05600 -1.08800
      vertex -4.96000 -3.16800 -1.08800
      vertex 0.48000 -3.61600 -1.08800
    endloop
  endfacet
  facet normal 0.00000 0.00000 1.00000
    outer loop
      vertex -13.12000 -5.05600 1.08800
      vertex -4.96000 -3.16800 1.08800
      vertex -11.36000 -3.74400 1.08800
    endloop
  endfacet
  facet normal 0.00000 0.00000 -1.00000
    outer loop
      vertex -13.12000 -5.05600 -1.08800
      vertex -11.36000 -3.74400 -1.08800
      vertex -4.96000 -3.16800 -1.08800
    endloop
  endfacet
  facet normal 0.00000 -1.00000 0.00000
    outer loop
      vertex -13.12000 -5.05600 1.08800
      vertex -13.12000 -5.05600 -1.08800
      vertex 11.36000 -5.05600 -1.08800
    endloop
  endfacet
  facet normal 0.00000 -1.00000 0.00000
    outer loop
      vertex -13.12000 -5.05600 1.08800
      vertex 11.36000 -5.05600 -1.08800
      vertex 11.36000 -5.05600 1.08800
    endloop
  endfacet
  facet normal 0.62470 0.78087 0.00000
    outer loop
      vertex 11.36000 -5.05600 1.08800
      vertex 11.36000 -5.05600 -1.08800
      vertex 9.76000 -3.77600 -1.08800
    endloop
  endfacet
  facet normal 0.62470 0.78087 0.00000
    outer loop
      vertex 11.36000 -5.05600 1.08800
      vertex 9.76000 -3.77600 -1.08800
      vertex 9.76000 -3.77600 1.08800
    endloop
  endfacet
  facet normal 0.11355 0.99353 0.00000
    outer loop
      vertex 9.76000 -3.77600 1.08800
      vertex 9.76000 -3.77600 -1.08800
      vertex 5.28000 -3.26400 -1.08800
    endloop
  endfacet
  facet normal 0.11355 0.99353 0.00000
    outer loop
      vertex 9.76000 -3.77600 1.08800
      vertex 5.28000 -3.26400 -1.08800
      vertex 5.28000 -3.26400 1.08800
    endloop
  endfacet
  facet normal -0.07314 0.99732 0.00000
    outer loop
      vertex 5.28000 -3.26400 1.08800
      vertex 5.28000 -3.26400 -1.08800
      vertex 0.48000 -3.61600 -1.08800
    endloop
  endfacet
  facet normal -0.07314 0.99732 0.00000
    outer loop
      vertex 5.28000 -3.26400 1.08800
      vertex 0.48000 -3.61600 -1.08800
      vertex 0.48000 -3.61600 1.08800
    endloop
  endfacet
  facet normal 0.08208 0.99663 0.00000
    outer loop
      vertex 0.48000 -3.61600 1.08800
      vertex 0.48000 -3.61600 -1.08800
      vertex -4.96000 -3.16800 -1.08800
    endloop
  endfacet
  facet normal 0.08208 0.99663 0.00000
    outer loop
      vertex 0.48000 -3.61600 1.08800
      vertex -4.96000 -3.16800 -1.08800
      vertex -4.96000 -3.16800 1.08800
    endloop
  endfacet
  facet normal -0.08964 0.99597 0.00000
    outer loop
      vertex -4.96000 -3.16800 1.08800
      vertex -4.96000 -3.16800 -1.08800
      vertex -11.36000 -3.74400 -1.08800
    endloop
  endfacet
  facet normal -0.08964 0.99597 0.00000
    outer loop
      vertex -4.96000 -3.16800 1.08800
      vertex -11.36000 -3.74400 -1.08800
      vertex -11.36000 -3.74400 1.08800
    endloop
  endfacet
  facet normal -0.59767 0.80175 0.00000
    outer loop
      vertex -11.36000 -3.74400 1.08800
      vertex -11.36000 -3.74400 -1.08800
      vertex -13.12000 -5.05600 -1.08800
    endloop
  endfacet
  facet normal -0.59767 0.80175 0.00000
    outer loop
      vertex -11.36000 -3.74400 1.08800
      vertex -13.12000 -5.05600 -1.08800
      vertex -13.12000 -5.05600 1.08800
    endloop
  endfacet
  facet normal -0.50450 -0.50450 -0.70069
    outer loop
      vertex 5.92000 9.63200 1.34400
      vertex 6.49600 9.05600 1.34400
      vertex 5.92000 9.05600 1.75872
    endloop
  endfacet
  facet normal -0.50450 0.50450 -0.70069
    outer loop
      vertex 5.92000 8.48000 1.34400
      vertex 5.92000 9.05600 1.75872
      vertex 6.49600 9.05600 1.34400
    endloop
  endfacet
  facet normal 0.50450 -0.50450 -0.70069
    outer loop
      vertex 5.92000 9.63200 1.34400
      vertex 5.92000 9.05600 1.75872
      vertex 5.34400 9.05600 1.34400
    endloop
  endfacet
  facet normal 0.50450 0.50450 -0.70069
    outer loop
      vertex 5.92000 8.48000 1.34400
      vertex 5.34400 9.05600 1.34400
      vertex 5.92000 9.05600 1.75872
    endloop
  endfacet
  facet normal 0.50450 -0.50450 0.70069
    outer loop
      vertex 5.92000 9.63200 1.34400
      vertex 5.34400 9.05600 1.34400
      vertex 5.92000 9.05600 0.92928
    endloop
  endfacet
  facet normal 0.50450 0.50450 0.70069
    outer loop
      vertex 5.92000 8.48000 1.34400
      vertex 5.92000 9.05600 0.92928
      vertex 5.34400 9.05600 1.34400
    endloop
  endfacet
  facet normal -0.50450 -0.50450 0.70069
    outer loop
      vertex 5.92000 9.63200 1.34400
      vertex 5.92000 9.05600 0.92928
      vertex 6.49600 9.05600 1.34400
    endloop
  endfacet
  facet normal -0.50450 0.50450 0.70069
    outer loop
      vertex 5.92000 8.48000 1.34400
      vertex 6.49600 9.05600 1.34400
      vertex 5.92000 9.05600 0.92928
    endloop
  endfacet
  facet normal -0.50450 -0.50450 -0.70069
    outer loop
      vertex 7.36000 8.19200 -1.08800
      vertex 7.77600 7.77600 -1.08800
      vertex 7.36000 7.77600 -0.78848
    endloop
  endfacet
  facet normal -0.50450 0.50450 -0.70069
    outer loop
      vertex 7.36000 7.36000 -1.08800
      vertex 7.36000 7.77600 -0.78848
      vertex 7.77600 7.77600 -1.08800
    endloop
  endfacet
  facet normal 0.50450 -0.50450 -0.70069
    outer loop
      vertex 7.36000 8.19200 -1.08800
      vertex 7.36000 7.77600 -0.78848
      vertex 6.94400 7.77600 -1.08800
    endloop
  endfacet
  facet normal 0.50450 0.50450 -0.70069
    outer loop
      vertex 7.36000 7.36000 -1.08800
      vertex 6.94400 7.77600 -1.08800
      vertex 7.36000 7.77600 -0.78848
    endloop
  endfacet
  facet normal 0.50450 -0.50450 0.70069
    outer loop
      vertex 7.36000 8.19200 -1.08800
      vertex 6.94400 7.77600 -1.08800
      vertex 7.36000 7.77600 -1.38752
    endloop
  endfacet
  facet normal 0.50450 0.50450 0.70069
    outer loop
      vertex 7.36000 7.36000 -1.08800
      vertex 7.36000 7.77600 -1.38752
      vertex 6.94400 7.77600 -1.08800
    endloop
  endfacet
  facet normal -0.50450 -0.50450 0.70069
    outer loop
      vertex 7.36000 8.19200 -1.08800
      vertex 7.36000 7.77600 -1.38752
      vertex 7.77600 7.77600 -1.08800
    endloop
  endfacet
  facet normal -0.50450 0.50450 0.70069
    outer loop
      vertex 7.36000 7.36000 -1.08800
      vertex 7.77600 7.77600 -1.08800
      vertex 7.36000 7.77600 -1.38752
    endloop
  endfacet
  facet normal -0.50450 -0.50450 -0.70069
    outer loop
      vertex 7.90400 6.51200 1.40800
      vertex 8.20800 6.20800 1.40800
      vertex 7.90400 6.20800 1.62688
    endloop
  endfacet
  facet normal -0.50450 0.50450 -0.70069
    outer loop
      vertex 7.90400 5.90400 1.40800
      vertex 7.90400 6.20800 1.62688
      vertex 8.20800 6.20800 1.40800
    endloop
  endfacet
  facet normal 0.50450 -0.50450 -0.70069
    outer loop
      vertex 7.90400 6.51200 1.40800
      vertex 7.90400 6.20800 1.62688
      vertex 7.60000 6.20800 1.40800
    endloop
  endfacet
  facet normal 0.50450 0.50450 -0.70069
    outer loop
      vertex 7.90400 5.90400 1.40800
      vertex 7.60000 6.20800 1.40800
      vertex 7.90400 6.20800 1.62688
    endloop
  endfacet
  facet normal 0.50450 -0.50450 0.70069
    outer loop
      vertex 7.90400 6.51200 1.40800
      vertex 7.60000 6.20800 1.40800
      vertex 7.90400 6.20800 1.18912
    endloop
  endfacet
  facet normal 0.50450 0.50450 0.70069
    outer loop
      vertex 7.90400 5.90400 1.40800
      vertex 7.90400 6.20800 1.18912
      vertex 7.60000 6.20800 1.40800
    endloop
  endfacet
  facet normal -0.50450 -0.50450 0.70069
    outer loop
      vertex 7.90400 6.51200 1.40800
      vertex 7.90400 6.20800 1.18912
      vertex 8.20800 6.20800 1.40800
    endloop
  endfacet
  facet normal -0.50450 0.50450 0.70069
    outer loop
      vertex 7.90400 5.90400 1.40800
      vertex 8.20800 6.20800 1.40800
      vertex 7.90400 6.20800 1.18912
    endloop
  endfacet
endsolid surf_signal_001
